Oven,Name,Cost,Revenue,Quantity,Hours to Cook,Unlocked?,Completed?,Primary Color,Holiday,Season,Type,Other Tags
3 Bears Oven,Mini Chocolate Cake,940,1400,350,1,TRUE,TRUE,Brown,,,Puddings/Parfaits,
3 Bears Oven,Dyed Egg Macarons,940,1400,350,1,TRUE,TRUE,Rainbow,Easter,,Macarons,
3 Bears Oven,Bear Buns,940,1400,350,1,TRUE,TRUE,Brown,,,Breads,
3 Bears Oven,Saffron Buns,940,1400,350,1,TRUE,TRUE,Green,,,Breads,
3 Bears Oven,Biscuits and Jam,940,1400,350,1,TRUE,TRUE,Tan,,,Breads,
3 Bears Oven,Wojapi and Fry Bread,940,1400,350,1,TRUE,TRUE,Tan,,,Breads,
3 Bears Oven,Wolf Bun,940,1400,350,1,TRUE,TRUE,Tan,,Winter,Cookies,
3 Bears Oven,Monkey Bread,940,1400,350,1,TRUE,TRUE,Tan,,,Breads,
3 Bears Oven,Matcha Crinkle Cookie,940,1400,350,1,TRUE,TRUE,Green,,,Cookies,
3 Bears Oven,Too Hot,3540,8600,2150,24,TRUE,TRUE,Red,Valentine's Day,,Cookies,
3 Bears Oven,Too Cold,2840,5000,1250,6,TRUE,FALSE,Blue,,Winter,Cookies,
3 Bears Oven,Just Right,5380,10800,2700,12,TRUE,FALSE,Yellow,,,Cookies,
3 Bears Oven,Matcha Strawberries,1380,2200,550,3,FALSE,FALSE,,,,,
3 Bears Oven,Matcha Roll Cake,1620,3000,750,8,FALSE,FALSE,,,,,
3 Bears Oven,Saffron Milk Cakes,1380,2200,550,3,FALSE,FALSE,,,,,
3 Bears Oven,Saffron Crab Tarts,1620,3000,750,8,FALSE,FALSE,,,,,
3 Bears Oven,Grape Dumplings,1380,2200,550,3,FALSE,FALSE,,,,,
3 Bears Oven,Lakota Plum Cake,1620,3000,750,8,FALSE,FALSE,,,,,
3 Bears Oven,Tiger Cake,1620,3000,750,8,FALSE,FALSE,,,,,
3 Bears Oven,Bear Claw,1380,2200,550,3,FALSE,FALSE,,,,,
3 Bears Oven,Macaron Tray,1620,3000,750,8,FALSE,FALSE,,,,Macarons,
3 Bears Oven,Bear Shaped Macarons,1380,2200,550,3,FALSE,FALSE,,,,Macarons,
3 Bears Oven,Secret Shaek,1620,3000,750,8,FALSE,FALSE,,,,,
3 Bears Oven,Magnolia Muffin,1380,2200,550,3,FALSE,FALSE,,,,,
3 Bears Oven,Mini Colorful Cake,1380,2200,550,3,FALSE,FALSE,,,,,
3 Bears Oven,Mini Strawberry Shortcake,1620,3000,750,8,FALSE,FALSE,,,,,
3 Bears Oven,Apricot Jam Cookies,1380,2200,550,3,FALSE,FALSE,,,,,
3 Bears Oven,Jam Layer Cake,1620,3000,750,8,FALSE,FALSE,,,,,
3 Bears Oven,Beary Parfait,1620,3000,750,8,FALSE,FALSE,,,,,
3 Bears Oven,Teddy Flan,1380,2200,550,3,FALSE,FALSE,,,,,
3 Bears Oven,Alpine Chocolate,940,1400,350,1,TRUE,TRUE,,,,,
3 Bears Oven,Rice Crispy Peaks,1380,2200,550,3,TRUE,TRUE,,,,,
3 Bears Oven,Hill Cake,1620,3000,750,8,TRUE,TRUE,Green,,,,
After Xmas Sale Oven,Leftover Cran-sauce Muffin,1220,1900,475,2,TRUE,TRUE,,,,,
After Xmas Sale Oven,Leftover Gingerbread Cinnamon Roll,1380,2200,550,3,FALSE,FALSE,,,,,
After Xmas Sale Oven,Leftover Turkey Crescent Ring,1540,2600,650,5,FALSE,FALSE,,,,,
After Xmas Sale Stove,Leftover Candy Cane Coffee,1220,1900,475,2,FALSE,FALSE,,,,,
After Xmas Sale Stove,Leftover Eggnog Pancakes,1600,2900,725,7,FALSE,FALSE,,,,,
After Xmas Sale Stove,Leftover Stuffing Waffles,1640,3100,775,10,FALSE,FALSE,,,,,
Alice Oven,Cheshire Cookie,760,1200,300,1,FALSE,FALSE,,,,,
Alice Oven,Cup Of Tea Cakes,860,1400,350,2,FALSE,FALSE,,,,,
Alice Oven,Unbirthday Cake,1020,1600,400,4,FALSE,FALSE,,,,,
Ambrosia Chiller,Tropical Ambrosia,1220,1900,475,2,TRUE,FALSE,,,,,
Ambrosia Chiller,Berry Ambrosia,1380,2200,550,3,TRUE,FALSE,,,,,
Ambrosia Chiller,Citrus Ambrosia,1540,2600,650,5,TRUE,FALSE,Orange,,,,
American Oven,Boston Cream Pie,1220,1900,475,2,FALSE,FALSE,,,,,
American Oven,Strawberry Baked Alaska,1600,2900,725,7,FALSE,FALSE,,,,,
American Oven,America Themed Cake,1640,3100,775,10,FALSE,FALSE,,,,,
Amethyst Oven,Raindrop Cake,940,1400,350,1,TRUE,TRUE,Blue,,,,
Amethyst Oven,Dirt Trifle Cake,940,1400,350,1,TRUE,TRUE,Brown,,,,
Amethyst Oven,Black Cat Cookie,940,1400,350,1,TRUE,TRUE,Black,Halloween,,Cookies,Animal
Amethyst Oven,Rainbonnoli,940,1400,350,1,TRUE,TRUE,Purple,Independence Day,,Pastries,
Amethyst Oven,Amethyst Promise,1040,1600,400,2,TRUE,TRUE,Purple,,,Multi Layer Cakes,
Amethyst Oven,Amethyst Petals,1480,2500,625,4,TRUE,TRUE,Purple,,,Multi Layer Cakes,
Amethyst Oven,Amethyst Forever,2080,3800,950,8,TRUE,TRUE,Purple,,,Multi Layer Cakes,
Amethyst Oven,Slimed Cake,1380,2200,550,3,FALSE,FALSE,,,,,
Amethyst Oven,Black Cat Cake,1620,3000,750,8,FALSE,FALSE,,,,,
Amethyst Oven,Black Cat Cupcake,1380,2200,550,3,FALSE,FALSE,,,,,
Amethyst Oven,Cherry Blossom Raindrop,1620,3000,750,8,FALSE,FALSE,,,,,
Amethyst Oven,Strawberry Raindrop,1380,2200,550,3,FALSE,FALSE,,,,,
Amethyst Oven,Chromadomes,1620,3000,750,8,FALSE,FALSE,,,,,
Amethyst Oven,Cool Cake,1380,2200,550,3,FALSE,FALSE,,,,,
Amethyst Oven,Cobweb Cake,1620,3000,750,8,FALSE,FALSE,,,,,
Amethyst Oven,Dwarf Galaxy Bars,940,1400,350,1,TRUE,FALSE,Blue,,,,Space
Amethyst Oven,Masquerade Cream Puffs,940,1400,350,1,TRUE,FALSE,,,,,
Animal Cutearon Oven,Snail Cutearon,1220,1900,475,2,FALSE,FALSE,Pink,,,,Animal
Animal Cutearon Oven,Bee Cutearon,1380,2200,550,3,FALSE,FALSE,,,,,Animal
Animal Cutearon Oven,Ladybug Cutearon,1540,2600,650,5,FALSE,FALSE,,,,,Animal
Anti Griddle,Cream Cookie Rolled Ice Cream,1580,3500,700,6,FALSE,FALSE,,,,,
Anti Griddle,Vanilla Rolled Ice Cream,1220,2375,475,2,FALSE,FALSE,,,,,
Anti Griddle,Overloaded Rolled Ice Cream,1640,3875,775,10,FALSE,FALSE,,,,,
Arcane Citadel Oven,Spell Scroll Cinnamon Twists,1220,1900,475,2,TRUE,TRUE,,,,,
Arcane Citadel Oven,D20 Critical Fudge Brownies,1380,2200,550,3,TRUE,TRUE,,,,Brownies,
Arcane Citadel Oven,Goblin Gold Coin Cookies,1540,2600,650,5,TRUE,TRUE,,St Patricks Day,,Cookies,
Arepa Oven,Arepas Con Queso,1220,1900,475,2,FALSE,FALSE,,,,,
Arepa Oven,Sweet Corn Arepas,1380,2200,550,3,FALSE,FALSE,,,,,
Arepa Oven,Arepas Dulces,1540,2600,650,5,FALSE,FALSE,,,,,
Around The World Oven,Berliners,1880,3875,775,4,FALSE,FALSE,,,,,
Around The World Oven,Baklawa,1320,2625,525,2,FALSE,FALSE,,,,,
Around The World Oven,Sfogliatella,940,1750,350,1,FALSE,FALSE,,,,,
Arrangement Stations,Affectionate Arrangement,1220,1900,475,2,FALSE,FALSE,,,,,
Arrangement Stations,Romantic Arrangement,1600,2900,725,7,FALSE,FALSE,,,,,
Arrangement Stations,Sweetheart Arrangement,1640,3100,775,10,FALSE,FALSE,,,,,
Artisan Bread Oven,Focaccia,1380,2750,550,3,TRUE,TRUE,,,,,
Artisan Bread Oven,Brioche,1480,3125,625,4,TRUE,TRUE,,,,,
Artisan Bread Oven,Chapati,1540,3250,650,5,TRUE,TRUE,,,,,
Artsy Icebox,Pineapple Dream,1960,3300,825,4,FALSE,FALSE,,,,,
Artsy Icebox,Grasshopper Pie,1400,2200,550,2,FALSE,FALSE,,,,,
Artsy Icebox,Painted Glass,2780,5100,1275,8,FALSE,FALSE,,,,,
Autumn Drink Machine,Switchel,1600,2900,725,7,FALSE,FALSE,,,,,
Autumn Drink Machine,Maple and Meyer Lemonade,1480,2500,625,4,FALSE,FALSE,,,,,
Autumn Drink Machine,Maple Cider,940,1400,350,1,FALSE,FALSE,,,,,
Autumn Elegance Oven,Mini Pumpkin Pies,1220,1900,475,2,TRUE,TRUE,,,,Pies,
Autumn Elegance Oven,Autumn Layer Cake,1600,2900,725,7,TRUE,TRUE,,,,,
Autumn Elegance Oven,Woodland Cakes,1640,3100,775,10,TRUE,TRUE,,,,,
Autumn Leaf Cider Machine,Mason Jar Cider,1220,1900,475,2,TRUE,TRUE,,,,Cold Drinks,
Autumn Leaf Cider Machine,Iced Cider,1380,2200,550,3,TRUE,TRUE,,,,Cold Drinks,
Autumn Leaf Cider Machine,Pumpkin Cider Mug,1540,2600,650,5,TRUE,TRUE,,,,Cold Drinks,
Autumn Oven,Leaf Cupcake,940,1400,350,1,TRUE,TRUE,,,Fall,Cupcakes,
Autumn Oven,Blueberry Lavender Pie,940,1400,350,1,TRUE,TRUE,Purple,,,Pies,Plants
Autumn Oven,Cranberry Flummery,940,1400,350,1,TRUE,FALSE,Pink,,,Puddings/Parfaits,
Autumn Oven,Cranberry Frangipane,1380,2200,550,3,TRUE,FALSE,,,,,
Autumn Oven,Sweet Scarecrow Cupcakes,1380,2200,550,3,TRUE,FALSE,,,,Cupcakes,
Autumn Oven,Cranberry Bundt,1620,3000,750,8,TRUE,FALSE,,,,Single Layer Cakes,
Autumn Oven,Yellow Leaf Cookies,4720,8100,2025,5,TRUE,FALSE,,,,Cookies,
Autumn Oven,Orange Leaf Cookies,5040,9000,2250,7,TRUE,FALSE,,,,Cookies,
Autumn Oven,Red Leaf Cookies,5220,9800,2450,9,TRUE,FALSE,,,,Cookies,
Autumn Oven,Autumn Flowers Cupcakes,1620,3000,750,8,FALSE,FALSE,,,,,
Autumn Oven,Rose Apple Pie,1620,3000,750,8,FALSE,FALSE,,,,,
Autumn Oven,Apple Cider Donut Pops,940,1400,350,1,TRUE,FALSE,Tan,,,Donuts,
Autumn Oven,Rhubarb Galette,1380,2200,550,3,FALSE,FALSE,,,,,
Autumn Pie Oven,Maple and Acorn Pie,3260,6200,1550,10,FALSE,FALSE,,,,,
Autumn Pie Oven,Maple Mixed Berry Pie,1580,2800,700,6,FALSE,FALSE,,,,,
Autumn Pie Oven,Maple Syrup Pie,1220,1900,475,2,FALSE,FALSE,,,,,
Autumn Turquoise Oven,Sweet Potato Cake,1220,1900,475,2,TRUE,TRUE,,,,,
Autumn Turquoise Oven,Blueberry Pumpkin Pie,1380,2200,550,3,TRUE,TRUE,,,,Pies,
Autumn Turquoise Oven,Cornucopia Cake,1540,2600,650,5,TRUE,TRUE,,,,,
Autumn Turquoise Stove,Autumn Turquoise Cake,1220,1900,475,2,TRUE,TRUE,,,,,
Autumn Turquoise Stove,Turquoise Turkey Cupcakes,1600,2900,725,7,TRUE,TRUE,,,,,
Autumn Turquoise Stove,Turquoise Turkey Cake,1640,3100,775,10,TRUE,TRUE,,,,,
Bakesgiving Oven,Caramel Chocodome,940,1400,350,1,TRUE,TRUE,Brown,,,,
Bakesgiving Oven,Raspberry Whoopie Pie,940,1400,350,1,TRUE,TRUE,Blue,,,Pastries,
Bakesgiving Oven,Green Bean Casserole,940,1400,350,1,TRUE,TRUE,Rainbow,,,Savory,ooglay
Bakesgiving Oven,Rosy Crystal Biscuits,940,1400,350,1,TRUE,TRUE,Pink,,Spring,Cookies,Plants
Bakesgiving Oven,Amethyst Cake,1380,2200,550,3,TRUE,TRUE,Purple,,,,
Bakesgiving Oven,Crystal Cupcakes,1620,3000,750,8,TRUE,TRUE,Purple,,,,
Bakesgiving Oven,Sweet Potato Cheesecake,2060,3400,850,4,TRUE,TRUE,,Thanksgiving,Fall,,
Bakesgiving Oven,Pumpkin Cheesecake,2060,3400,850,4,TRUE,TRUE,,Thanksgiving,Fall,,
Bakesgiving Oven,Cranberry Walnut Brie,1380,2200,550,3,FALSE,FALSE,,,,,
Bakesgiving Oven,Strawberry Chiffon Cake,1620,3000,750,8,FALSE,FALSE,,,,,
Bakesgiving Oven,Terrific Tiramisu,1620,3000,750,8,FALSE,FALSE,,,,,
Bakesgiving Oven,White Raspberry Mousse,1380,2200,550,3,FALSE,FALSE,,,,,
Bakesgiving Oven,Blueberry Cheesecake,3580,7200,1800,12,FALSE,FALSE,,,,,
Bakesgiving Oven,Peanut Butter Cheesecake,2920,5400,1350,8,FALSE,FALSE,,,,,
Bakesgiving Oven,Cranberry Cheesecake,3580,7200,1800,12,FALSE,FALSE,,,,,
Bakesgiving Oven,Yam Cheesecake,2920,5400,1350,8,FALSE,FALSE,,,,,
Bakesgiving Oven,Sweet Potato Casserole,1380,2200,550,3,FALSE,FALSE,,,,,
Bakesgiving Oven,Cranberry Apple Casserole,1620,3000,750,8,FALSE,FALSE,,,,,
Baking Oven,Layman Loaf,1220,1900,475,2,FALSE,FALSE,,,,,
Baking Oven,Classic Croissant,1380,2200,550,3,FALSE,FALSE,,,,,
Baking Oven,Basic Bagel,1540,2600,650,5,FALSE,FALSE,,,,,
Ballpark Fountain,Cola Soda Can,940,1400,350,1,FALSE,FALSE,,,,,Movies|State Fair
Ballpark Fountain,Lemon Soda Can,1380,2200,550,3,FALSE,FALSE,,,,,
Ballpark Fountain,Strawberry Soda Can,1620,3000,750,8,FALSE,FALSE,,,,,
Ballpark Fountain,Cream Soda,940,1750,350,1,FALSE,FALSE,,,,,
Ballpark Fountain,Sassafrasparilla,1380,2750,550,3,FALSE,FALSE,,,,,
Ballpark Fountain,Root Beer,1580,3500,700,6,FALSE,FALSE,,,,,
Ballpark Fountain,Rally Cap Fizz,2400,4200,1050,6,FALSE,FALSE,,,,,
Ballpark Fountain,Caramel Shake,1700,2800,700,3,FALSE,FALSE,,,,,
Ballpark Fountain,Cream Soda Float,980,1500,375,1,FALSE,FALSE,,,,,
Banana Stand,Coconut Banana,1220,1900,475,2,FALSE,FALSE,,,,,
Banana Stand,Frosted Banana,1880,3100,775,4,FALSE,FALSE,,,,,
Banana Stand,Sprinkled Banana,2660,4900,1225,8,FALSE,FALSE,,,,,
Banner Oven,Peach Pie,1920,3200,800,4,FALSE,FALSE,,,,,
Banner Oven,French Silk Pie,1360,2200,550,2,FALSE,FALSE,,,,,
Banner Oven,Caramel Pie,2360,4100,1025,6,FALSE,FALSE,,,,,
Barbecue Oven,Barbecue Cookies,1220,1900,475,2,FALSE,FALSE,,,,,
Barbecue Oven,Hot Dog Hamburger Cookies,1380,2200,550,3,FALSE,FALSE,,,,,
Barbecue Oven,Lemonade Cookies,1540,2600,650,5,FALSE,FALSE,,,,,
Barnyard Oven B,Hatcake Cupcake,1220,1900,475,2,FALSE,FALSE,,,,,
Barnyard Oven B,Sugarshoe Cookie,1380,2200,550,3,FALSE,FALSE,,,,,
Barnyard Oven B,Cavalry Cake,1540,2600,650,5,FALSE,FALSE,,,,,
Barnyard Oven B2021,Spiced Coffee Cake,1220,1900,475,2,FALSE,FALSE,,,,,
Barnyard Oven B2021,Autumn Roll,1380,2200,550,3,FALSE,FALSE,,,,,
Barnyard Oven B2021,Pumpkin Pie Bowl,1540,2600,650,5,FALSE,FALSE,,,,,
Barnyard Stove B,Barn Door Bon Bon,1220,1900,475,2,FALSE,FALSE,,,,,
Barnyard Stove B,Apple Oat Horseshoe,1600,2900,725,7,FALSE,FALSE,,,,,
Barnyard Stove B,Neigh Cups,1640,3100,775,10,FALSE,FALSE,,,,,
Barrel Stove,Candy Apple Cupcake,1220,1900,475,2,FALSE,FALSE,,,,,
Barrel Stove,Barnyard Chocolate Tart,1600,2900,725,7,FALSE,FALSE,,,,,
Barrel Stove,Apple Cinnamon Tacos,1640,3100,775,10,FALSE,FALSE,,,,,
Basic Oven,Chocolate Cookies,40,140,140,0.08333,TRUE,TRUE,Tan,,,Cookies,
Basic Oven,Brownies,30,110,110,0.01666,TRUE,TRUE,Brown,,,Brownies,
Basic Oven,Blueberry Muffins,110,390,130,0.25,TRUE,TRUE,Tan,,,Muffins,
Basic Oven,Chocolate Cake,380,700,350,1,TRUE,TRUE,Brown,,,Single Layer Cakes,
Basic Oven,Peach Cobbler,740,1200,300,3,TRUE,TRUE,,,,,
Basic Oven,Chocolate Tart,2480,6000,1500,24,TRUE,TRUE,,,,Tarts,
Basic Oven,Carrot Cake,1729,3400,850,12,TRUE,TRUE,,,,,
Basic Oven,Instant Pudding,200,352,88,0.08333,TRUE,TRUE,Brown,Christmas,,Puddings/Parfaits,
Basic Oven,Croissant,1180,2100,525,2,TRUE,TRUE,,,,Breads,
Basic Oven,Coco Cream Muffins,2680,4700,1175,6,TRUE,TRUE,,,,Muffins,
Basic Oven,Red Velvet Cookies,4360,7100,1775,3,TRUE,TRUE,Red,,,Cookies,
Basic Oven,Chocolate Cherry Trifle,4620,8500,2125,8,TRUE,TRUE,,,,Puddings/Parfaits,
Basic Oven,PB Chocolate Cake,460,700,175,0.5,TRUE,TRUE,Brown,,,Single Layer Cakes,
Basic Oven,Fruit Tart,1500,2600,650,6,TRUE,TRUE,,,,Tarts,
Basic Oven,Pool Pie,2400,4800,1200,12,TRUE,TRUE,Blue,,,Pies,
Basic Oven,Gymnastic Cake,3540,8100,2025,19,TRUE,TRUE,,,,Single Layer Cakes,
Basic Oven,Yule Log,2300,4000,1000,6,TRUE,TRUE,Brown,Christmas,,Roll Cake,
Basic Oven,Holiday Cupcake,3660,7000,1750,10,TRUE,TRUE,,Christmas,,Cupcakes,
Basic Oven,Pumpkin Pie,5340,14000,1750,48,TRUE,TRUE,Orange,Thanksgiving,Fall,Pies,
Basic Oven,Strawberry Cake,1400,2300,575,4,TRUE,TRUE,Pink,,,Single Layer Cakes,
Basic Oven,Holiday Waffles,1320,2100,525,2,TRUE,TRUE,,,,Waffles,
Basic Oven,Cronut,1790,6700,1675,9,TRUE,TRUE,,,,Donuts,
Basic Oven,Sticky Cake,2240,4500,1125,12,TRUE,TRUE,Tan,,,,
Basic Oven,Heart Toast,1400,2300,575,3,TRUE,TRUE,,,,Breads,
Basic Oven,Marshmallow Chicks,2700,4700,1175,6,TRUE,TRUE,,Easter,,Candies/Sweets,
Basic Oven,Sugar Cookies,5240,12700,1270,24,TRUE,TRUE,Rainbow,Easter,,Cookies,
Basic Oven,Celebration Cupcake,2300,4000,1000,6,TRUE,TRUE,,Independence Day,,Cupcakes,
Basic Oven,Brawny Muffin,2360,3900,975,4,TRUE,TRUE,Tan,,,Muffins,
Basic Oven,Banana Bread,3780,8200,1025,16,TRUE,TRUE,,,,Breads,
Basic Oven,Berry Flan,3440,5700,1425,4,TRUE,TRUE,Tan,,,,
Basic Oven,Chocolate Flan,4700,9000,2250,10,TRUE,TRUE,Brown,,,,
Basic Oven,Basic Flan,4720,8700,2175,8,TRUE,TRUE,,,,,
Basic Oven,Wagashi,1400,2200,550,2,TRUE,TRUE,Pink,,,Candies/Sweets,
Basic Oven,Mochi Ice Cream,2040,3400,850,4,TRUE,TRUE,Rainbow,,,Ice Creams,Pastels
Basic Oven,Strawberry Cheesecake,2800,5100,1275,8,TRUE,TRUE,Red,,,Single Layer Cakes,
Basic Oven,Dango,2300,4200,1050,8,TRUE,TRUE,Rainbow,,Spring,,Baby Shower
Basic Oven,Raspberry Macarons,1040,1600,400,1,TRUE,TRUE,Pink,,,Macarons,
Basic Oven,Cube Croissant,940,1400,350,1,TRUE,TRUE,,,,Breads,
Basic Oven,Alfajores,1200,1900,475,1,TRUE,TRUE,Tan,,,Macarons,
Basic Oven,Celebration Trifle,1400,2200,550,1,TRUE,TRUE,,Independence Day,,Puddings/Parfaits,
Basic Oven,Fruitcake,1500,2300,575,1,TRUE,TRUE,,,,,
Basic Oven,Orange Eclair,940,1400,350,1,TRUE,TRUE,Tan,,,Pastries,Tray
Basic Oven,Fruit Cake,1120,1800,450,2,TRUE,TRUE,,,,,
Basic Oven,Candy Apples,2040,3200,800,2,TRUE,TRUE,Red,,,Candies/Sweets,
Basic Oven,Cuernitos,2100,3400,850,3,TRUE,TRUE,,,,,
Basic Oven,Caramel Apples,2040,3200,800,2,TRUE,TRUE,,,,Candies/Sweets,
Basic Oven,Angel Food Cake,2180,3500,875,2,TRUE,TRUE,,,,,
Basic Oven,Soccer Cake Pops,2280,3700,925,3,TRUE,TRUE,Green,,,Cake Pops,Sports
Basic Oven,Turkish Delights,1520,2500,625,4,TRUE,TRUE,Rainbow,,,,
Basic Oven,Pie Cake,1580,2600,650,4,TRUE,TRUE,Tan,,,Multi Layer Cakes,
Basic Oven,Lemon Muffin,2080,3600,900,5,TRUE,TRUE,,,,,
Basic Oven,Arroz Con Leche,2420,4000,1000,4,TRUE,TRUE,,,,,
Basic Oven,Citrine Cupcakes,2160,3400,850,2,TRUE,TRUE,,,,,
Basic Oven,Pecan Pie,2560,4300,1075,4,TRUE,TRUE,Tan,,,Pies,
Basic Oven,Sesame Tapioca Bread,2580,4300,1075,4,TRUE,TRUE,Tan,,,Breads,
Basic Oven,Jam Cookies,2640,4200,1050,2,TRUE,TRUE,,,,,
Basic Oven,Vanilla Cupcake,2800,4700,1175,4,TRUE,TRUE,White,,,,
Basic Oven,Madeleine Cookies,2920,5100,1275,6,TRUE,TRUE,Tan,,,,
Basic Oven,Medialuna,2960,5200,1300,6,TRUE,TRUE,Tan,,,,
Basic Oven,Kiwi Cheesecake,2940,4900,1225,4,TRUE,TRUE,Green,,,Single Layer Cakes,
Basic Oven,Quillcakes,2160,3500,875,3,TRUE,TRUE,Pink,,,,
Basic Oven,Tapioca Pudding,3300,5400,1350,3,TRUE,TRUE,White,,,Puddings/Parfaits,
Basic Oven,Biscotti,3320,5500,1375,4,TRUE,TRUE,Tan,,,Cookies,
Basic Oven,Gingerbread Cookies,3420,6000,750,6,TRUE,TRUE,,,,,
Basic Oven,Well-Done Toast,3240,5900,1475,8,TRUE,TRUE,Tan,,,,
Basic Oven,Citrine Cake,3040,5100,1275,4,TRUE,TRUE,Yellow,,Spring,,fav
Basic Oven,Cherry Muffin,2980,6000,1500,12,TRUE,TRUE,,,,,
Basic Oven,Daisy Cake,2740,4800,1200,6,TRUE,TRUE,,,,,
Basic Oven,Apple Cupcake,3540,6200,1550,6,TRUE,TRUE,,,,,
Basic Oven,Cherry Pie,3680,5800,1450,2,TRUE,TRUE,,,,Pies,
Basic Oven,Blueberry Scone,3780,6900,1725,8,TRUE,TRUE,,,,Pastries,
Basic Oven,Peanut Butter Cookies,3780,6900,1725,8,TRUE,TRUE,Tan,,,Cookies,
Basic Oven,Crow Pie,3060,5400,1350,6,TRUE,TRUE,,,,Pies,ooglay
Basic Oven,Autumn Cookies,3680,6100,1525,4,TRUE,TRUE,Orange,,Fall,Cookies,
Basic Oven,Cinnamon Rolls,4140,8300,830,12,TRUE,TRUE,,,,Breads,
Basic Oven,Beach Cupcake,3840,6400,1600,4,TRUE,TRUE,Blue,,Summer,Cupcakes,
Basic Oven,Magic Trick Cupcakes,4320,7400,1850,5,TRUE,TRUE,,,,Cupcakes,
Basic Oven,Subway Cupcakes,4080,7100,1775,6,TRUE,TRUE,Rainbow,,,Cupcakes,
Basic Oven,NY Bagel,4260,8200,2050,10,TRUE,TRUE,Tan,,,Breads,
Basic Oven,Red Berry Delight,4160,7600,1900,8,TRUE,TRUE,Pink,,,Single Layer Cakes,
Basic Oven,Eclairs,4600,8100,2025,6,TRUE,TRUE,,,,Pastries,
Basic Oven,Cannoli,4720,9400,2350,12,TRUE,TRUE,,,,Pastries,
Basic Oven,Strawberry Coffee Cake,4900,8600,2150,6,TRUE,TRUE,Tan,,,,
Basic Oven,Valentine Cookies,5040,12200,1525,24,TRUE,TRUE,Red,Valentine's Day,,Cookies,
Basic Oven,Black and White Cookies,4940,9300,2325,9,TRUE,TRUE,,,,Cookies,
Basic Oven,Apple Pie,5240,10500,2625,12,TRUE,TRUE,,,,Pies,
Basic Oven,Key Lime Pie,5220,9100,2275,6,TRUE,TRUE,Green,,,Pies,
Basic Oven,Blueberry Chiffon,5220,10000,2500,10,TRUE,TRUE,,,,,
Basic Oven,Peridot Cupcakes,5640,11300,2825,12,TRUE,TRUE,Green,,,Cupcakes,<3
Basic Oven,Berry Rhubarb Pie,5660,10800,2700,10,TRUE,TRUE,,,,Pies,
Basic Oven,Coconut Cream Pie,5800,10600,2650,8,TRUE,TRUE,,,,Pies,
Basic Oven,Blueberry Buckle,5960,14400,3600,24,TRUE,TRUE,,,,,
Basic Oven,Red Velvet Cake,6100,14700,1225,24,TRUE,TRUE,,,,Single Layer Cakes,
Basic Oven,Lemon Meringue Pie,6320,13700,3425,16,TRUE,TRUE,White,,,Pies,<3
Basic Oven,Castella,6380,12500,3125,11,TRUE,TRUE,,,,,
Basic Oven,Autumn Cake,6600,14900,3725,18,TRUE,TRUE,Orange,,Fall,Single Layer Cakes,
Basic Oven,Black Forest Cake,6880,15500,3875,18,TRUE,TRUE,,,,Single Layer Cakes,
Basic Oven,Watermelon Cake,6900,13800,3450,12,TRUE,TRUE,,,Summer,Single Layer Cakes,
Basic Oven,Starfish Biscuits,7440,15200,3800,13,TRUE,TRUE,Tan,,,Breads,
Basic Oven,Seashell Cupcakes,7380,16600,4150,18,TRUE,TRUE,Tan,,,Cupcakes,
Basic Oven,Sweet Potato Pie,7540,17600,4400,20,TRUE,TRUE,,Thanksgiving,Fall,,
Basket Oven,Speckled Egg Cake,1220,1900,475,2,TRUE,FALSE,,,,,
Basket Oven,Pastel Bunny Cake,1380,2200,550,3,TRUE,FALSE,,,,,
Basket Oven,Easter Faultline Cake,1540,2600,650,5,TRUE,FALSE,,,,,
Bavarian Oven,Majestic Mousse,940,1400,350,1,TRUE,TRUE,Purple,,,Puddings/Parfaits,Tray
Bavarian Oven,Pretzels,1640,2500,625,1,TRUE,TRUE,Tan,,,Savory,
Bavarian Oven,Cream Horns,2200,3600,900,3,TRUE,FALSE,,,,Pastries,
Bavarian Oven,Apple Pancake,3600,6200,1550,5,TRUE,FALSE,,,,Pancakes,
Bavarian Oven,Brownie Royale,1380,2200,550,3,FALSE,FALSE,,,,,
Bavarian Oven,Princely Pistachio Truffles,1620,3000,750,8,FALSE,FALSE,,,,,
Beach Baker,Chocolate Crabsants,760,1200,300,2,TRUE,FALSE,,,Summer,Breads,
Beach Baker,Boatnana Split,1080,1800,450,4,TRUE,FALSE,,,Summer,Ice Creams,
Beach Baker,Conchnnoli,1160,2000,500,5,TRUE,FALSE,,,Summer,Pastries,
Beach Oven,Surfing Cake,1220,1900,475,2,FALSE,FALSE,,,,,
Beach Oven,Coral Cake,1380,2200,550,3,FALSE,FALSE,,,,,
Beach Oven,Otter Top Cake,1540,2600,650,5,FALSE,FALSE,,,,,
Beehive Oven,Baked Honey Brie,1220,1900,475,2,FALSE,FALSE,,,,,
Beehive Oven,Light Honey Cake,1380,2200,550,3,FALSE,FALSE,,,,,
Beehive Oven,Honey Pear,1540,2600,650,5,FALSE,FALSE,,,,,
Belle Oven,Honey Puff Pear,1220,1900,475,2,FALSE,FALSE,,,,,
Belle Oven,Gold Leaf Donut,1380,2200,550,3,FALSE,FALSE,,,,,
Belle Oven,Lively Lemon Puff,1540,2600,650,5,FALSE,FALSE,,,,,
Big Apple Oven,Peaches and Cream Cookie,940,1400,350,1,TRUE,TRUE,Green,,,Cookies,
Big Apple Oven,Cherry Empanadas,940,1400,350,1,TRUE,TRUE,Tan,,,Pastries,
Big Apple Oven,Mango Cheesecake,940,1400,350,1,TRUE,TRUE,Yellow,,,Single Layer Cakes,
Big Apple Oven,Empire State Cookies,2820,5200,1300,8,TRUE,TRUE,,,,Cookies,
Big Apple Oven,Taxi Cookies,4740,9900,2475,14,TRUE,TRUE,,,,Cookies,
Big Apple Oven,Liberty Cookies,7460,17400,4350,20,TRUE,TRUE,Teal,,,Cookies,
Big Apple Oven,Strawberry Shortcake Cookie,1620,3000,750,8,FALSE,FALSE,,,,,
Big Apple Oven,Cinnamon Roll Cookie,1380,2200,550,3,FALSE,FALSE,,,,,
Big Apple Oven,Blueberry Hand Pies,1620,3000,750,8,FALSE,FALSE,,,,,
Big Apple Oven,Everything Bagel Pocket,1380,2200,550,3,FALSE,FALSE,,,,,
Big Apple Oven,Raspberry Rosewater Cheesecake,1620,3000,750,8,FALSE,FALSE,,,,,
Big Apple Oven,Ube Cheesecake,1380,2200,550,3,FALSE,FALSE,,,,,
Big City Baker,Lexington Lox,1400,2200,550,2,FALSE,FALSE,,,,,
Big City Baker,Brooklyn Bagels,1020,1600,400,1,FALSE,FALSE,,,,,
Big City Baker,Downtown Doughnut,1420,2200,550,2,FALSE,FALSE,,,,,
Blue Bun Oven,Cream Cheese Danish,940,1400,350,1,TRUE,TRUE,Yellow,,,Pastries,Tray
Blue Bun Oven,Cinnamon Streusel Scone,940,1400,350,1,TRUE,TRUE,Tan,,,Pastries,
Blue Bun Oven,Vanilla Mug Cake,940,1400,350,1,TRUE,TRUE,Pink,,,,
Blue Bun Oven,Blackberry Mousse,940,1400,350,1,TRUE,TRUE,Pink,,,Puddings/Parfaits,
Blue Bun Oven,Plum Bungeoppang,940,1400,350,1,TRUE,TRUE,Tan,,,Cookies,Animal
Blue Bun Oven,Boyish Pops,1520,3750,625,2,TRUE,TRUE,Blue,,,Cake Pops,
Blue Bun Oven,Blue Velvet Cake,1540,2600,650,3,TRUE,TRUE,Blue,,,,
Blue Bun Oven,Reveal Cake,2300,2700,900,5,TRUE,TRUE,Blue,,,Multi Layer Cakes,
Blue Bun Oven,Cheddar Biscuit,1380,2200,550,3,FALSE,FALSE,,,,,
Blue Bun Oven,Gingersnaps,1620,3000,750,8,FALSE,FALSE,,,,,
Blue Bun Oven,Buttermilk Pie,1380,2200,550,3,FALSE,FALSE,,,,,
Blue Bun Oven,Blue Cream Muffin,1620,3000,750,8,FALSE,FALSE,,,,,
Blue Bun Oven,Hazelnut Bungeoppang,1380,2200,550,3,FALSE,FALSE,,,,,
Blue Bun Oven,Cheddar Bungeoppang,1620,3000,750,8,FALSE,FALSE,,,,,
Blue Bun Oven,Apple Mug Crisp,1380,2200,550,3,FALSE,FALSE,,,,,
Blue Bun Oven,Berry Mug Cobbler,1620,3000,750,8,FALSE,FALSE,,,,,
Blue Bun Oven,Blackberry Cheesecake Tart,1380,2200,550,3,FALSE,FALSE,,,,,
Blue Bun Oven,Blackberry Cobbler,1620,3000,750,8,FALSE,FALSE,,,,,
Blue Bun Oven,Cloud Cotton Candy,940,1400,350,1,TRUE,TRUE,White,,,Candies/Sweets,
Blue Bun Oven,Cloud Cookies,1380,2200,550,3,TRUE,TRUE,White,,,,<3
Blue Bun Oven,Cloudy Meringue,1620,3000,750,8,FALSE,FALSE,,,,,
Blue Bun Oven,Raindrop Cookies,940,1300,350,1,TRUE,FALSE,Blue,,,,Baby Shower
Blue Bun Oven,Rubber Ducky Bubble Buns,940,1300,350,1,TRUE,FALSE,Yellow,,,,Baby Shower
Blue Gift Stove,Rugelach,1580,2800,700,6,FALSE,FALSE,,,,,
Blue Gift Stove,Gelt Cookies,1220,1900,475,2,FALSE,FALSE,,,,,
Blue Gift Stove,Challah,1480,2500,625,4,FALSE,FALSE,,,,,
Blue Pink Stove,Pink Blue Cake Pops,1220,1900,475,2,FALSE,FALSE,,,,,
Blue Pink Stove,Pink Peekaboo Cake,1600,2900,725,7,FALSE,FALSE,,,,,
Blue Pink Stove,Blue Peekaboo Cakes,1640,3100,775,10,FALSE,FALSE,,,,,
Blue Speckled Oven,Speckled Egg Cookie,1220,1900,475,2,TRUE,FALSE,Rainbow,Easter,,Cookies,Pastels
Blue Speckled Oven,Speckled Cake,1540,2600,650,5,FALSE,FALSE,,,,,
Blue Speckled Oven,Speckled Egg Cupcake,1380,2200,550,3,FALSE,FALSE,,,,,
Blue Team Baker,Cake Blues,1220,1900,475,2,FALSE,FALSE,,,,,
Blue Team Baker,Blue Berry Bites,1600,2900,725,7,FALSE,FALSE,,,,,
Blue Team Baker,Blue Lemon Pudding,1640,3100,775,10,FALSE,FALSE,,,,,
Blues Oven,Shuffle Sandwich,1220,1900,475,2,TRUE,TRUE,,,,,
Blues Oven,Cardcake,1600,2900,725,7,TRUE,TRUE,,,,,
Blues Oven,King Cocoa,1640,3100,775,10,TRUE,TRUE,,,,,
Bountiful Oven,Cakecopia,1220,1900,475,2,TRUE,TRUE,,,,,
Bountiful Oven,Gobblers,1380,2200,550,3,TRUE,FALSE,,,,,
Bountiful Oven,Bounty Crisp,1540,2600,650,5,TRUE,FALSE,,,,,
Bountiful Stove,Mealtime Mix,1220,1900,475,2,TRUE,FALSE,,Thanksgiving,Fall,,
Bountiful Stove,Pilgrim Parfait,1600,2900,725,7,TRUE,FALSE,,Thanksgiving,Fall,,
Bountiful Stove,Bounty's Beverage,1640,3100,775,10,TRUE,FALSE,,,Fall,Cold Drinks,
Bow Fountain,Cola Soda,1220,1900,475,2,FALSE,FALSE,,,,,Movies|State Fair
Bow Fountain,Vintage Soda,1600,2900,725,7,FALSE,FALSE,,,,,
Bow Fountain,Soda Float,1640,3100,775,10,FALSE,FALSE,,,,,
Bread Machine,Soda Bread,1220,2375,475,2,TRUE,TRUE,,,,Breads,
Bread Machine,Zopf,1540,3250,650,5,TRUE,TRUE,,,,,
Bread Machine,Obi Non,1640,3875,775,10,TRUE,TRUE,,,,,
Breakfast Oven,Breakfast Casserole,1220,1900,475,2,FALSE,FALSE,,,,,
Breakfast Oven,Breakfast Quiche,1380,2200,550,3,FALSE,FALSE,,,,,
Breakfast Oven,Sheet Pan Breakfast,1540,2600,650,5,FALSE,FALSE,,,,,
Breezeway Bakers,Skydance Parfait,1220,1900,475,2,TRUE,TRUE,,,,Puddings/Parfaits,
Breezeway Bakers,Windy Day Meringues,1380,2200,550,3,TRUE,TRUE,Rainbow,,,,
Breezeway Bakers,Kite Gummies,1540,2600,650,5,TRUE,TRUE,Rainbow,,,,
Brick Oven,Chocomond Croissant,1220,1900,475,2,FALSE,FALSE,,,,,
Brick Oven,Bakers Specialty,1600,2900,725,7,FALSE,FALSE,,,,,
Brick Oven,Pretty Profiteroles,1640,3100,775,10,FALSE,FALSE,,,,,
Bright Prep Table,Super Sundae,1160,2000,500,5,FALSE,FALSE,,,,,
Bright Prep Table,Solar Cake,1080,1800,450,4,FALSE,FALSE,,,,,
Bright Prep Table,Sun Meringue,760,1200,300,2,FALSE,FALSE,,,,,
Bubble Tea Maker,Melon Bubble Tea,940,1400,350,1,FALSE,FALSE,,,,,
Bubble Tea Maker,Thai Bubble Tea,1380,2200,550,3,FALSE,FALSE,,,,,
Bubble Tea Maker,Milk Bubble Tea,1540,2600,650,5,FALSE,FALSE,,,,,
Bunny Drink Machine,Chocolate Bunny Milk,1220,1900,475,2,FALSE,FALSE,,,,,
Bunny Drink Machine,Marshmallow Chick Drink,1600,2900,725,7,FALSE,FALSE,,,,,
Bunny Drink Machine,Easter Eggnog,1640,3100,775,10,FALSE,FALSE,,,,,
Bunny Ears Oven,Bun Buns,1220,1900,475,2,FALSE,FALSE,,,,,
Bunny Ears Oven,Palmier Bunny Ears,1380,2200,550,3,FALSE,FALSE,,,,,
Bunny Ears Oven,Rabbit Macarons,1540,2600,650,5,FALSE,FALSE,,,,Macarons,
Bunny Oven,Big Bunny Bundt,1220,1900,475,2,FALSE,FALSE,,,,,
Bunny Oven,Carrot Cake Truffle,1380,2200,550,3,FALSE,FALSE,,,,,
Bunny Oven,Coconut Bunnycake,1540,2600,650,5,FALSE,FALSE,,,,,
Bussing Oven,Bon Bus,1220,1900,475,2,FALSE,FALSE,,,,,
Bussing Oven,Teacher's Snack,1380,2200,550,3,FALSE,FALSE,,,,,
Bussing Oven,Pi Pop,1540,2600,650,5,FALSE,FALSE,,,,,
Cabin Stove,Cherry Mountain Cake,1220,1900,475,2,TRUE,TRUE,Brown,,,,
Cabin Stove,Alpine Strudel,1600,2900,725,7,TRUE,FALSE,,,,,
Cabin Stove,Chocolate Pinecone,1640,3100,775,10,TRUE,FALSE,,,,,
Cackling Oven,Sugar Skull Cupcakes,1380,2200,550,3,FALSE,FALSE,,,,,
Cackling Oven,Pumpcakes,1540,2600,650,5,FALSE,FALSE,,,,,
Cackling Oven,Bewitching Cupcakes,1580,2800,700,6,FALSE,FALSE,,,,,
Caffe La Macchina,Marocchino,1480,2500,625,4,FALSE,FALSE,,,,,
Caffe La Macchina,Shakerato,1380,2200,550,3,FALSE,FALSE,,,,,
Caffe La Macchina,Caffe D Orzo,1220,1900,475,2,FALSE,FALSE,,,,,
Calaveras Fountain,Atole,1540,3250,650,5,FALSE,FALSE,,,,,
Calaveras Fountain,Champurrado,1600,3625,725,7,FALSE,FALSE,,,,,
Calaveras Fountain,Agua De Jamaica,1640,3875,775,9,FALSE,FALSE,,,,,
Calaveras Oven,Calaveras,1480,3125,625,4,FALSE,FALSE,,,,,
Calaveras Oven,Pan de Muerto,1380,2750,550,3,FALSE,FALSE,,,,,
Calaveras Oven,Tamales Dulces,940,1750,350,1,FALSE,FALSE,,,,,
Caliente Oven,Conchas,800,2000,400,1,FALSE,FALSE,,,,,
Caliente Oven,Puerquito Rosa,1100,2800,575,2,FALSE,FALSE,,,,,
Caliente Oven,Chocolate Tres Leches,1800,4000,850,4,FALSE,FALSE,,,,,
Camping Cute Stove,Scrumptious Stump,1220,1900,475,2,FALSE,FALSE,,,,,
Camping Cute Stove,S'more Cup,1600,2900,725,7,FALSE,FALSE,,,,,
Camping Cute Stove,Peanutbutter Lumber Roll,1640,3100,775,10,FALSE,FALSE,,,,,
Camping Drink Mixer,Smore Sundae,1640,3875,775,10,FALSE,FALSE,,,,,
Camping Drink Mixer,Liquid Smores,1600,3625,725,7,FALSE,FALSE,,,,,
Camping Drink Mixer,Smore Hot Cocoa,1540,3250,650,5,FALSE,FALSE,,,,,
Canape Oven,Pear and Feta Canpe,1220,1900,475,2,FALSE,FALSE,,,,,
Canape Oven,Apricot and Gorgonzola Canape,1380,2200,550,3,FALSE,FALSE,,,,,
Canape Oven,Cheesecake Canape,1540,2600,650,5,FALSE,FALSE,,,,,
Candy Cane Maker,Candy Canes,2000,3800,950,9,FALSE,FALSE,,,,,
Candy Cane Maker,Candy Cane Cake,1040,1800,450,2,FALSE,FALSE,,,,,
Candy Cane Maker,Root Beer Candy Canes,2000,3800,950,9,FALSE,FALSE,,,,,
Candy Cane Maker,Grape Candy Canes,2000,3800,950,9,FALSE,FALSE,,,,,
Candy Cane Maker,Apple Candy Canes,2000,3800,950,9,FALSE,FALSE,,,,,
Candy Cane Maker,Snowball Cookies,940,1400,350,1,FALSE,FALSE,,,,,
Candy Cane Maker,Snowman Cookies,1380,2200,550,3,FALSE,FALSE,,,,,
Candy Cane Maker,Snowglobe Cake,1620,3000,750,8,FALSE,FALSE,,,,,
Candy Cane Maker,Snowman Truffles,940,1400,350,1,FALSE,FALSE,,,,,
Candy Cane Maker,Candy Sleds,1620,3000,750,8,FALSE,FALSE,,,,,
Candy Cane Maker,Snowflake Choco Pops,1380,2200,550,3,FALSE,FALSE,,,,,
Candy Cane Maker,Peppermint Bark Cheesecake,940,1400,350,1,FALSE,FALSE,,,,,
Candy Cane Maker,Peppermint Brownies,1380,2200,550,3,FALSE,FALSE,,,,,
Candy Cane Maker,Peppermint Bark Cake,1620,3000,750,8,FALSE,FALSE,,,,,
Candy Cane Maker,Rudolph Cake,940,1400,350,1,FALSE,FALSE,,,,,
Candy Cane Maker,Tree Cake,1380,2200,550,3,FALSE,FALSE,,,,,
Candy Cane Maker,Christmas Train Cake,1620,3000,750,8,FALSE,FALSE,,,,,
Candy Cauldron,Slime Fudge,940,1400,350,1,TRUE,TRUE,,,,Candies/Sweets,
Candy Cauldron,Gourmet Apples,2000,3200,800,2,TRUE,FALSE,,,,,
Candy Cauldron,Candy Treats,2820,4700,1175,4,TRUE,FALSE,,,,Candies/Sweets,
Candy Cauldron,Candy Bark,3160,5400,1350,5,TRUE,FALSE,,,,Candies/Sweets,
Candy Cauldron,Candy Corn Fudge,1380,2200,550,3,FALSE,FALSE,,,,,
Candy Cauldron,Monster Fudge,1620,3000,750,8,FALSE,FALSE,,,,,
Candy Cooker,Bubble Gum,1020,1600,400,1,FALSE,FALSE,,,,,
Candy Cooker,Vanilla Wavefers,1740,2800,700,3,FALSE,FALSE,,,,,
Candy Cooker,Sweetish Fish,2200,3800,950,5,FALSE,FALSE,,,,,
Candy Corn Oven,Pumpkin Truffle,1220,1900,475,2,FALSE,FALSE,,,,,
Candy Corn Oven,Candy Corncake,1380,2200,550,3,FALSE,FALSE,,,,,
Candy Corn Oven,Boo Berries,1540,2600,650,5,FALSE,FALSE,,,,,
Candy Hatchery,Easter Mochi Bunny,940,1400,350,1,TRUE,TRUE,White,Easter,,,
Candy Hatchery,Peanut Butter Cup,940,1400,350,1,TRUE,FALSE,Brown,,,,
Candy Hatchery,Chocolate Eggs,1520,2500,625,4,TRUE,FALSE,,,,,
Candy Hatchery,Chocolate Bunnies,4040,7400,1850,8,TRUE,FALSE,Brown,Easter,,Candies/Sweets,
Candy Hatchery,Sheepish Cupcakes,2440,3900,975,2,TRUE,FALSE,,,,,
Candy Hatchery,Easter Mochi Egg,1380,2200,550,3,FALSE,FALSE,,,,,
Candy Hatchery,Easter Mochi Chick,1620,3000,750,8,FALSE,FALSE,,,,,
Candy Hatchery,Pastel Eggs,1600,3625,725,7,FALSE,FALSE,,,,,
Candy Hatchery,Marshmallow Chicks,2700,4700,1175,6,FALSE,FALSE,,,,,
Candy Hatchery,Marshmallow Sheep,1540,3250,650,5,FALSE,FALSE,,,,,
Candy Hatchery,Golden Bunnies,1480,3125,625,4,FALSE,FALSE,,,,,
Candy Hatchery,Raspberry Cup,1380,2200,550,3,FALSE,FALSE,,,,,
Candy Hatchery,Mallow Cup,1620,3000,750,8,FALSE,FALSE,,,,,
Candy Heart Dispenser,Candy Heart Candies,1220,1900,475,2,FALSE,FALSE,,,,,
Candy Heart Dispenser,Candy Heart Milkshake,1600,2900,725,7,FALSE,FALSE,,,,,
Candy Heart Dispenser,Candy Heart Drink,1640,3100,775,10,FALSE,FALSE,,,,,
Candy Heart Dispenser,Candied Hearts,1220,1900,475,2,FALSE,FALSE,,,,,
Candy Heart Oven,Candy Heart Cookies,1220,1900,475,2,FALSE,FALSE,,,,,
Candy Heart Oven,Candy Heart Cupcakes,1380,2200,550,3,FALSE,FALSE,,,,,
Candy Heart Oven,Candy Heart Cakes,1540,2600,650,5,FALSE,FALSE,,,,,
Candy Oven,Refresher Roll,940,1400,350,1,TRUE,FALSE,,,,Breads,
Candy Oven,Chocolate Cake Pop,940,1400,350,1,TRUE,FALSE,,,,Cake Pops,
Candy Oven,Pistachio Pudding,940,1400,350,1,TRUE,FALSE,,,,Puddings/Parfaits,
Candy Oven,Popcorn Bar,1380,2200,550,3,TRUE,FALSE,,,,,
Candy Oven,Rainbow Popcorn,940,1400,350,1,TRUE,FALSE,Rainbow,,,,
Candy Oven,Candy Corn Muffin,2440,10600,2650,16,TRUE,FALSE,,,,Muffins,
Candy Oven,Candy Cake,3420,6300,1575,8,TRUE,FALSE,,,,Multi Layer Cakes,
Candy Oven,Candy Cookie,6320,15800,3950,24,TRUE,FALSE,,,,Cookies,
Candy Oven,Carnival Pops,1620,3000,750,8,FALSE,FALSE,,,,,
Candy Oven,Rainbo Cake Pop,1620,3000,750,8,FALSE,FALSE,,,,,
Candy Oven,Mint Cake Pop,1380,2200,550,3,FALSE,FALSE,,,,,
Candy Oven,Toffee Walnuts,1620,3000,750,8,FALSE,FALSE,,,,,
Candy Oven,Pecan Turtles,1380,2200,550,3,FALSE,FALSE,,,,,
Candy Oven,Crumble Tower,1620,3000,750,8,FALSE,FALSE,,,,,
Candy Oven,Perfect Posset,1380,2200,550,3,FALSE,FALSE,,,,,
Carnival Carousel Oven,Carnival Pretzel Bites,1220,1900,475,2,TRUE,TRUE,,,,Candies/Sweets,
Carnival Carousel Oven,Ferris Wheel Bark,1600,2900,725,7,FALSE,FALSE,,,,,
Carnival Carousel Oven,Ferris Wheel Donuts,1640,3100,775,10,FALSE,FALSE,,,,,
Carnival Tent Oven,Cotton Candy Cupcakes,1220,1900,475,2,TRUE,TRUE,,,,Cupcakes,
Carnival Tent Oven,Fruit Skewer,1380,2200,550,3,TRUE,TRUE,,,,,
Carnival Tent Oven,Carousel Cake Pops,1540,2600,650,5,TRUE,TRUE,,,,Cake Pops,
Cassette Deck,Total Eclipse of the Tart,1220,1900,475,2,TRUE,TRUE,,,,Tarts,
Cassette Deck,You Kneaded Me,1380,2200,550,3,TRUE,TRUE,Tan,,,Breads,
Cassette Deck,Sweet Surrender,1540,2600,650,5,FALSE,FALSE,,,,,
Castle Oven,Nestling Nest,1220,1900,475,2,FALSE,FALSE,,,,,
Castle Oven,Everlasting Rose,1380,2200,550,3,FALSE,FALSE,,,,,
Castle Oven,Wicked Apple,1540,2600,650,5,FALSE,FALSE,,,,,
CatEr Waves,Cat Cookies,1220,1900,475,2,FALSE,FALSE,,,,,
CatEr Waves,Cat Cake Pops,1600,2900,725,7,FALSE,FALSE,,,,,
CatEr Waves,Cat Donuts,1640,3100,775,10,FALSE,FALSE,,,,,
CatSpresso Machine,Pawfree,1220,1900,475,2,TRUE,FALSE,,,,,
CatSpresso Machine,Ameowicano,1380,2200,550,3,FALSE,FALSE,,,,,
CatSpresso Machine,Catpurrcino,1540,2600,650,5,FALSE,FALSE,,,,,
CatSpresso Machine,Pawfee,1220,1900,475,2,FALSE,FALSE,Pink,,,Coffees,
Celestial Oven,Crabby Cupcakes,1260,2200,550,6,FALSE,FALSE,,,,,
Celestial Oven,Gemini Gelato,1220,3150,525,5,FALSE,FALSE,,,,,
Celestial Oven,Taurus Tarts,940,1500,375,3,FALSE,FALSE,,,,,
Cereal Oven,Cereal French Toast,1220,1900,475,2,FALSE,FALSE,,,,,
Cereal Oven,Cereal Bars,1380,2200,550,3,FALSE,FALSE,,,,,
Cereal Oven,Cereal Ice Cream Sandwiches,1540,2600,650,5,FALSE,FALSE,,,,,
Char Cutie Rie Station,Fruit Board,1220,1900,475,2,FALSE,TRUE,,,,,
Char Cutie Rie Station,Baked Brie Board,1380,2200,550,3,FALSE,FALSE,,,,,
Char Cutie Rie Station,Dessert Charcuterie,1540,2600,650,5,FALSE,FALSE,,,,,
Cheesecake Chiller,Crumbly Cookie Cheesecake,1220,2850,475,2,FALSE,FALSE,,,,,
Cheesecake Chiller,Rainbow Cheesecake,1200,3000,500,3,FALSE,TRUE,Rainbow,,,,
Cheesecake Chiller,Peanut Butter Cheesecake,1040,2000,400,1,FALSE,FALSE,,,,,
Cherry Blossom Oven,Sakura Taiyaki,1220,1900,475,2,TRUE,FALSE,Pink,,,,
Cherry Blossom Oven,Sakura Anpan,1380,2200,550,3,TRUE,FALSE,,,,,
Cherry Blossom Oven,Sakura Macaron,1540,2600,650,5,TRUE,FALSE,Pink,,,Macarons,
Cherry Blossom Stove,Sakura Panna Cotta,1220,1900,475,2,FALSE,FALSE,Pink,Valentine's Day,,,
Cherry Blossom Stove,Sakura Onigiri,1600,2900,725,7,FALSE,FALSE,,,,,
Cherry Blossom Stove,Sakura Shaved Ice,1640,3100,775,10,FALSE,FALSE,,,,,
Cherry Oven,Polka Dot Cupcakes,940,1750,350,1,FALSE,FALSE,,,,,
Cherry Oven,Tattoo Cookies,1380,2750,550,3,FALSE,FALSE,,,,,
Cherry Oven,Pin Up Cake,1540,3250,650,5,FALSE,FALSE,,,,,
Chilly Oven,Sparkle Cheesecake,1220,1900,475,2,FALSE,FALSE,,,,,
Chilly Oven,Blizzard Cake,1380,2200,550,3,FALSE,FALSE,,,,,
Chilly Oven,Winter Cookies,1540,2600,650,5,FALSE,FALSE,,,,,
Chinese Zodiac Oven,Pineapple Buns,1220,1900,475,2,FALSE,FALSE,,,,,
Chinese Zodiac Oven,Pandan Roll Cake,1380,2200,550,3,FALSE,FALSE,,,,,
Chinese Zodiac Oven,Heart Egg Tart,1540,2600,650,5,FALSE,FALSE,,,,,
Chinese Zodiac Stove,Tea Eggs,1220,1900,475,2,FALSE,FALSE,,,,,
Chinese Zodiac Stove,Thousand Layer Cake,1600,2900,725,7,FALSE,FALSE,,,,,
Chinese Zodiac Stove,Chinese Fruit Cake,1640,3100,775,10,FALSE,FALSE,,,,,
Choco Love Oven,Choco-Sundae Bowl,330,2200,1100,4,FALSE,TRUE,Brown,,,Ice Creams,<3
Choco Love Oven,Choco-tini Glass,530,1700,3400,8,FALSE,FALSE,,,,,
Choco Love Oven,Choco-Coffee Cup,420,2900,1450,6,FALSE,FALSE,,,,,
Choco-egg Oven,Easter Egg Cake Pop,1220,1900,475,2,TRUE,TRUE,,,,Cake Pops,
Choco-egg Oven,Spring Chick Cake Pop,1380,2200,550,3,TRUE,TRUE,,,,Cake Pops,
Choco-egg Oven,Easter Bunny Cake Pop,1540,2600,650,5,FALSE,FALSE,,,,,
Choco-egg Stove,Ice Cream Egg Cone,1220,1900,475,2,FALSE,FALSE,,,,,
Choco-egg Stove,Easter Ice Cream Sammies,1600,2900,725,7,FALSE,FALSE,,,,,
Choco-egg Stove,Easter Bunny Ice Cream Cone,1640,3100,775,10,FALSE,FALSE,,,,,
Chocolate Raspberry,Dark Berry Truffle,940,1400,350,1,TRUE,FALSE,,,,Candies/Sweets,
Chocolate Raspberry,Chilled Cherry Soup,940,1400,350,1,TRUE,FALSE,,,,Savory,
Chocolate Raspberry,Pecan Bites,940,1400,350,1,TRUE,FALSE,,,,Candies/Sweets,Tray
Chocolate Raspberry,Dark Berry Cupcake,2200,3500,875,2,TRUE,FALSE,,,,Cupcakes,
Chocolate Raspberry,Dark Berry Brownie,2580,4200,1050,3,TRUE,TRUE,,,,Brownies,
Chocolate Raspberry,Dark Berry Cake,2900,4800,1200,4,TRUE,FALSE,,,,,
Chocolate Raspberry,Dark Berry Roll Cake,1620,3000,750,8,FALSE,FALSE,,,,,
Chocolate Raspberry,Dark Berry Cheesecake,1380,2200,550,3,FALSE,FALSE,,,,,
Chocolate Raspberry,Chocolate Soup,1620,3000,750,8,FALSE,FALSE,,,,,
Chocolate Raspberry,Ginataang Bilo-Bilo,1380,2200,550,3,FALSE,FALSE,,,,,
Chocolate Raspberry,Bundt Nog,1620,3000,750,8,FALSE,FALSE,,,,,
Chocolate Raspberry,Choco Bread,1380,2200,550,3,FALSE,FALSE,,,,,
Chroma Stove,Coconut Gujiya,1600,3625,725,7,FALSE,FALSE,,,,,
Chroma Stove,Chocolate Gujilya,1380,2750,550,3,FALSE,FALSE,,,,,
Chroma Stove,Fried Gujiya,1480,3125,625,4,FALSE,FALSE,,,,,
Cider Press,Pumpkin Cider,920,1400,350,1,TRUE,TRUE,Orange,,Fall,Cold Drinks,
Cider Press,Pear Cider,1300,2100,525,2,TRUE,TRUE,Yellow,,,Cold Drinks,
Cider Press,Sweet Cider,1600,2600,650,3,TRUE,TRUE,Yellow,,,Cold Drinks,
Cider Press,Mulled Cider,1580,3125,625,2,FALSE,FALSE,,,,,
Cider Press,Frozen Cider,1760,3625,725,3,FALSE,FALSE,,,,,
Cider Press,Orange Spiced Cider,1220,2375,475,1,FALSE,FALSE,,,,,
Cider Press,Gingerbread Spiced Cider,940,1400,350,1,TRUE,FALSE,,,,,
Cider Press,Pear And Rosemary Sparkler,1380,2200,550,3,FALSE,FALSE,,,,,
Citrusmas Oven,Cinnamon Citrus Frost,1220,1900,475,2,FALSE,FALSE,,,,,
Citrusmas Oven,Crancurd Citrus Cream Pie,1380,2200,550,3,FALSE,FALSE,,,,,
Citrusmas Oven,Winter Citrus Pavlova,1540,2600,650,5,FALSE,FALSE,,,,,
Citrusmas Stove,Citrusmas Squares,1220,1900,475,2,FALSE,FALSE,,,,,
Citrusmas Stove,Orange Clove Tea,1600,2900,725,7,FALSE,FALSE,,,,,
Citrusmas Stove,Choc Orange Winter Cake,1640,3100,775,10,FALSE,FALSE,,,,,
City Cooker,Rainbow Bagel,1460,2700,675,8,FALSE,FALSE,,,,,
City Cooker,Skyline Cake,1340,2300,575,6,FALSE,FALSE,,,,,
City Cooker,Manhattan Macarons,1220,2100,525,5,FALSE,FALSE,,,,Macarons,
Classic Bread Oven,Hot Cross Buns,760,1100,275,1,TRUE,TRUE,Tan,,,Breads,
Classic Bread Oven,French Bread,1360,2200,550,3,TRUE,TRUE,Tan,,,Breads,
Classic Bread Oven,Stone Ground Miche,1940,3400,850,6,TRUE,TRUE,Tan,,,,
Classic Bread Oven,L'amour Special,8260,16500,4125,12,TRUE,TRUE,Tan,Valentine's Day,,Breads,
Clay Oven,Chowder Bowl,940,1400,350,1,TRUE,TRUE,Tan,,,Savory,
Clay Oven,Cinnamon Sugar Twist,940,1400,350,1,TRUE,TRUE,Tan,,,,
Clay Oven,Western Bread,2020,3200,800,2,TRUE,TRUE,Red,,,Breads,
Clay Oven,Western Biscuits,5060,11400,2850,18,TRUE,TRUE,Tan,,,Breads,
Clay Oven,Corn Bread,6460,12400,3100,10,TRUE,TRUE,Tan,,,Breads,
Clay Oven,Chili Bowl,1380,2200,550,3,FALSE,FALSE,,,,,
Clay Oven,Mac and Cheese Bowl,1620,3000,750,8,FALSE,FALSE,,,,,
Clay Oven,Tomato Basil Twist,1380,2200,550,3,FALSE,FALSE,,,,,
Clay Oven,Raspberry Twist,1620,3000,750,8,FALSE,FALSE,,,,,
Clover Oven,Pistachio Cream Cookies,1220,1900,475,2,FALSE,FALSE,,St Patricks Day,,,
Clover Oven,Paddy Parfait,1380,2200,550,3,FALSE,FALSE,,St Patricks Day,,,
Clover Oven,Three Leaf Brownie,1540,2600,650,5,FALSE,FALSE,,St Patricks Day,,,
Coaster Oven,Chainlift Gears,1220,2375,475,2,FALSE,FALSE,,,,,
Coaster Oven,Coaster Cake,1480,3125,625,4,FALSE,FALSE,,,,,
Coaster Oven,Pretzel Coaster,940,1750,350,1,FALSE,FALSE,,,,,
Cocoa Maker,Chocolate Chip Cup,940,1400,350,1,TRUE,TRUE,Pink,,,,
Cocoa Maker,White Hot Cocoa,3800,6700,1675,6,TRUE,TRUE,Red,,,Hot Chocolates,
Cocoa Maker,Icy Blue Cocoa,380,2300,575,6,FALSE,FALSE,,,,,
Cocoa Maker,Blush Hot Cocoa,170,800,200,1,FALSE,FALSE,,,,,
Cocoa Maker,Sugar Cookie Cup,1620,3000,750,8,FALSE,FALSE,,,,,
Cocoa Maker,Cookies and Cream Cup,1380,2200,550,3,FALSE,FALSE,,,,,
Cocoa Maker,Toffee Cocoa,300,1500,375,3,FALSE,FALSE,,,,,
Coffee Machine,Foam Art Coffee,2340,4300,1075,8,FALSE,FALSE,,,,,
Coffee Machine,Spice Art Coffee,2020,3500,875,6,FALSE,FALSE,,,,,
Coffee Machine,Chocolate Art Coffee,1660,2800,700,4,FALSE,FALSE,,,,,
Coffin Drink Machine,Cookie Monster Shake,940,1400,350,1,TRUE,TRUE,,Halloween,,Smoothies & Milkshakes,
Coffin Drink Machine,Type A,2960,5200,1300,6,TRUE,TRUE,,Halloween,,Cold Drinks,
Coffin Drink Machine,Type B,5340,10900,2725,13,TRUE,TRUE,,Halloween,,Cold Drinks,
Coffin Drink Machine,Type O,5960,13900,3475,20,TRUE,TRUE,,Halloween,,Cold Drinks,
Coffin Drink Machine,Type AB,2960,5200,1300,6,FALSE,FALSE,,Halloween,,,
Coffin Drink Machine,Type O-,5340,10900,2725,13,FALSE,FALSE,,Halloween,,,
Coffin Drink Machine,Plasma,5960,13900,3475,20,FALSE,FALSE,,Halloween,,,
Coffin Drink Machine,Dirt Shake,1380,2200,550,3,FALSE,FALSE,,,,,
Coffin Drink Machine,Witch Shake,1620,3000,750,8,FALSE,FALSE,,Halloween,,,
Coffin Drink Machine,Witching Hour Hot Cocoa,940,1400,350,1,TRUE,FALSE,,Halloween,,,
Coffin Drink Machine,Mummy's Mulled Cidet,1380,2200,550,3,FALSE,FALSE,,Halloween,,,
Coffin Drink Machine,Dirt Shake,1380,2200,550,3,FALSE,FALSE,,,,,
Coffin Drink Machine,Phantom Vanilla Cream Fizz,1620,3000,750,8,FALSE,FALSE,,Halloween,,,
Cold Brew Machine,Dalgona Coffee,1220,1900,475,2,FALSE,FALSE,,,,,
Cold Brew Machine,Cold Brew Coffee,1600,2900,725,7,FALSE,FALSE,,,,,
Cold Brew Machine,Nitro Cold Brew,1640,3100,775,10,FALSE,FALSE,,,,,
Cold Treat Machine,Strawberry Shortcake Pop,1220,1900,475,2,FALSE,FALSE,,,,,
Cold Treat Machine,Sprinkle Chocolate Pop,1380,2200,550,3,FALSE,FALSE,,,,,
Cold Treat Machine,Cute Bear Pops,1540,2600,650,5,FALSE,FALSE,,,,,
Colombian Coffee Machine,Colombian Coffee,1220,1900,475,2,FALSE,FALSE,,,,,
Colombian Coffee Machine,Aguapanela Coffee,1600,2900,725,7,FALSE,FALSE,,,,,
Colombian Coffee Machine,Esponjada De Cafe,1640,3100,775,10,FALSE,FALSE,,,,,
Colonial Oven,Molasses Bites,1840,2900,725,2,TRUE,TRUE,,,,,
Colonial Oven,Pound Cake,2600,4300,1075,4,TRUE,TRUE,,,,,
Colonial Oven,Corn Muffins,3180,5600,1400,6,TRUE,TRUE,,,,Muffins,
Color Oven,Malpuas,1580,3500,700,6,FALSE,FALSE,,,,,
Color Oven,Malai Kulfi,1540,3250,650,5,FALSE,FALSE,,,,,
Color Oven,Thandai,1380,2750,550,3,FALSE,FALSE,,,,,
Colorful Popcorn Maker,Pink Popcorn,1220,1900,475,2,FALSE,FALSE,,,,,
Colorful Popcorn Maker,Blue Popcorn,1380,2200,550,3,FALSE,FALSE,,,,,
Colorful Popcorn Maker,Confetti Caramel Popcorn,1540,2600,650,5,FALSE,FALSE,,,,,
Colorful Popcorn Stove,Colorful Popcorn Balls,1220,1900,475,2,FALSE,FALSE,,,,,
Colorful Popcorn Stove,Colorful Popcorn Cookies,1600,2900,725,7,FALSE,FALSE,,,,,
Colorful Popcorn Stove,Colorful Popcorn Cake,1640,3100,775,10,FALSE,FALSE,,,,,
Commercial Oven,Jalapeno Cheddar,1740,3000,750,6,FALSE,FALSE,,,,,
Commercial Oven,Epi,1420,2400,600,4,FALSE,FALSE,,,,,
Commercial Oven,Sourdough Boule,1000,1600,400,2,FALSE,FALSE,,,,,
Confetti Oven,Birthday Surprise,1220,1900,475,2,FALSE,FALSE,,,,,
Confetti Oven,Confetti Berries,1380,2200,550,3,FALSE,FALSE,,,,,
Confetti Oven,Candle Donuts,1540,2600,650,5,FALSE,FALSE,,,,,
Cookie Dough Maker,Brownie Dough,1600,2900,725,7,FALSE,FALSE,,,,,
Cookie Dough Maker,Unicorn Dough,1640,3100,775,9,FALSE,FALSE,,,,,
Cookie Dough Maker,Choco Chip Cookie Dough,1380,2200,550,3,FALSE,FALSE,,,,,
Cool Bubble Oven,Bubble Pop,1220,1900,475,2,FALSE,FALSE,,,,,
Cool Bubble Oven,Rainbow Floss,1600,2900,725,7,FALSE,FALSE,,,,,
Cool Bubble Oven,Rainbow Macarons,1640,3100,775,10,FALSE,FALSE,,,,Macarons,
Cornucopi-Oven,Turkey Tarts,920,1500,375,2,TRUE,FALSE,,Thanksgiving,,Tarts,
Cornucopi-Oven,Turkey Cake Pops,640,1000,250,1,TRUE,FALSE,,Thanksgiving,,Cake Pops,
Cornucopi-Oven,Turkey Truffles,1120,1800,450,3,TRUE,FALSE,,Thanksgiving,,Candies/Sweets,
Cornucopia Oven,Smores Cupcake,1220,1900,475,2,FALSE,FALSE,,,,,
Cornucopia Oven,Owl Cookies,1380,2200,550,3,FALSE,FALSE,,,,,
Cornucopia Oven,Pear Tartlet,1540,2600,650,5,FALSE,FALSE,,,,,
Cottage Oven,Caramel Coffee Roll,1220,1900,475,2,TRUE,FALSE,,,,,
Cottage Oven,Almond Blondies,1380,2200,550,3,TRUE,FALSE,,,,Brownies,
Cottage Oven,Mountain Treats,1540,2600,650,5,TRUE,FALSE,,,,,
Cottage Stove,Strawberry Charlotte,1220,1900,475,2,TRUE,TRUE,,,,,
Cottage Stove,Framboiseier Cake,1600,2900,725,7,TRUE,TRUE,,,,,
Cottage Stove,Pink Croquembouche,1640,3100,775,10,FALSE,FALSE,,,,,
Cotton Tail Stove,Bunny Bait,1220,1900,475,2,FALSE,FALSE,,,,,
Cotton Tail Stove,Cotton Tail Cookies,1600,2900,725,7,FALSE,FALSE,,,,,
Cotton Tail Stove,Marshmallow Rabbits,1640,3100,775,10,FALSE,FALSE,,,,,
Crackling Drink Maker,Seers Sundae,1220,1900,475,2,FALSE,FALSE,,,,,
Crackling Drink Maker,Boo-sy Delight,1480,2500,625,4,FALSE,FALSE,,,,,
Crackling Drink Maker,Bewitching Cocktail,1640,3100,775,9,FALSE,FALSE,,,,,
Creature Cauldron,Goblin Bites,1220,1900,475,2,FALSE,FALSE,,Halloween,,,
Creature Cauldron,Creature Cone,1380,2200,550,3,FALSE,FALSE,,Halloween,,,
Creature Cauldron,Terrifying Truffles,1540,2600,650,5,FALSE,FALSE,,Halloween,,,
Crocheted Stove,Crocheted Cookie Squares,1220,1900,475,2,FALSE,FALSE,,,,,
Crocheted Stove,Autumn Crocheted Cake,1600,2900,725,7,FALSE,FALSE,,,,,
Crocheted Stove,Crocheted Turkey Cake,1640,3100,775,10,FALSE,FALSE,,,,,
Crystal Chiller,Assorted Crystal Candies,1220,1900,475,2,TRUE,TRUE,Rainbow,,,Candies/Sweets,
Crystal Chiller,Crystal Candy Flowers,1380,2200,550,3,TRUE,TRUE,Rainbow,,,,
Crystal Chiller,Crystal Candy Butterflies,1540,2600,650,5,TRUE,TRUE,,,,,
Crystal Oven,Crystal Cookies,1220,1900,475,2,TRUE,TRUE,,,,,
Crystal Oven,Crystal Cupcakes,1600,2900,725,7,TRUE,TRUE,,,,,
Crystal Oven,Crystal Cake,1640,3100,775,10,TRUE,TRUE,Rainbow,,,,
Cursed Oven,Hallowedding Cake,1440,2300,575,5,FALSE,FALSE,,,,,
Cursed Oven,Web of Pies,1220,2100,525,3,FALSE,FALSE,,,,,
Cursed Oven,Specter Berries,1120,1800,450,2,FALSE,FALSE,,,,,
Cursed Stove,Boo Brownies,860,1400,350,2,FALSE,FALSE,,,,,
Cursed Stove,Hoot Cakes,740,1200,300,1,FALSE,FALSE,,,,,
Cursed Stove,Which Witch,1020,1600,400,3,FALSE,FALSE,,,,,
Cute Camp Oven,Bonfire Cupcake,1220,1900,475,2,FALSE,FALSE,,,,,
Cute Camp Oven,Campe Waffle Cake,1380,2200,550,3,FALSE,FALSE,,,,,
Cute Camp Oven,Campfire Cone,1540,2600,650,5,FALSE,FALSE,,,,,
Deadly Drink Machine,Creeping Cocktail,1220,1900,475,2,FALSE,FALSE,,,,,
Deadly Drink Machine,Bug-Juice,1380,2200,550,3,FALSE,FALSE,,,,,
Deadly Drink Machine,Pin-Stripe Pint,1540,2600,650,5,FALSE,FALSE,,,,,
Deep Fryer,Cereal Donut,940,1400,350,1,TRUE,TRUE,,,,Donuts,
Deep Fryer,Berry Beignets,940,1400,350,1,TRUE,TRUE,,,,Donuts,
Deep Fryer,Sprinkle Donut,740,1300,325,3,TRUE,TRUE,,,,Donuts,
Deep Fryer,Jelly Donut,2880,5000,1250,6,TRUE,TRUE,,,,Donuts,
Deep Fryer,Donut Holes,3620,6600,1650,8,TRUE,TRUE,,,,Donuts,
Deep Fryer,Creme Donut,3660,6400,1600,6,TRUE,TRUE,,,,Donuts,
Deep Fryer,Chocolate Donut,4620,9200,2300,12,TRUE,TRUE,,,,Donuts,
Deep Fryer,Donut Surprise,5140,10300,2575,12,TRUE,TRUE,,,,Donuts,
Deep Fryer,Glazed Donuts,5900,14300,3575,24,TRUE,TRUE,,,,Donuts,
Deep Fryer,Peach Cobbler Beignets,1380,2200,550,3,FALSE,FALSE,,,,,
Deep Fryer,Bunny Beignets,1620,3000,750,8,FALSE,FALSE,,,,,
Deep Fryer,Strawberry Coffee Cake Donut,1380,2200,550,3,FALSE,FALSE,,,,,
Deep Fryer,Unicorn Donut,1620,3000,750,8,FALSE,FALSE,,,,,
Deep Sea Oven,Beach Cookies,940,1400,350,1,TRUE,FALSE,Teal,,Summer,Cookies,
Deep Sea Oven,Turtle Cupcake,940,1400,350,1,TRUE,FALSE,,,Summer,Cupcakes,
Deep Sea Oven,Cream Puffer Fish,1220,2100,525,5,TRUE,TRUE,Pink,,,Cupcakes,
Deep Sea Oven,Grape Berrier Reef,1720,2800,700,3,FALSE,FALSE,,,,,
Deep Sea Oven,Sea Sponge Cake,1420,2200,550,2,FALSE,FALSE,,,,,
Deep Sea Oven,Starfish Cookies,1380,2200,550,3,FALSE,FALSE,,,,,
Deep Sea Oven,Seahorse Cookie,1620,3000,750,8,FALSE,FALSE,,,,,
Deep Sea Oven,Fishing Cupcakes,1380,2200,550,3,FALSE,FALSE,,,,,
Deep Sea Oven,Floating Teddy Cupcakes,1620,3000,750,8,FALSE,FALSE,,,,,
Dehydrator,Candied Lotus Root,660,1000,250,1,FALSE,FALSE,,,,,
Dehydrator,Fruit Leater,940,1400,350,1,FALSE,FALSE,,,,,
Dehydrator,Fruit Trail Mix,1380,2200,550,3,FALSE,FALSE,,,,,
Dehydrator,Apple Chips,1620,3000,750,8,,FALSE,,,,,
Dim Sum Station,Heart Buns,940,1400,350,1,TRUE,FALSE,Purple,Valentine's Day,Spring,,
Dim Sum Station,Bunny Bao,940,1400,350,1,TRUE,FALSE,Tan,Easter,Spring,,
Dim Sum Station,Kitty Mochi,940,1400,350,1,TRUE,FALSE,Green,,Spring,Ice Creams,
Dim Sum Station,Baozi,2400,3900,975,3,TRUE,FALSE,White,,,,
Dim Sum Station,White Peach Mooncake,940,1400,350,1,TRUE,TRUE,Tan,,,,
Dim Sum Station,Char Siu Pastries,2780,4600,1150,4,TRUE,FALSE,Tan,,,Pastries,
Dim Sum Station,Egg Tart,3400,6000,1500,6,TRUE,FALSE,Yellow,,,Tarts,
Dim Sum Station,Shoumei Tea,2020,3400,850,4,TRUE,FALSE,Yellow,,,Hot Teas,
Dim Sum Station,Guk Fa Tea,2260,3900,975,5,TRUE,FALSE,Red,Christmas,Winter,Hot Teas,
Dim Sum Station,Bo Lay Tea,2680,4800,1200,7,TRUE,FALSE,Blue,,,Hot Teas,
Dim Sum Station,Hedgehog Bao,1380,2200,550,3,FALSE,FALSE,,,,,
Dim Sum Station,Kitty Bao,1620,3000,750,8,FALSE,FALSE,,,,,
Dim Sum Station,Matcha Mooncakes,1380,2200,550,3,FALSE,FALSE,,,,,
Dim Sum Station,Purple Sweet Potato Mooncakes,1620,3000,750,8,FALSE,FALSE,,,,,
Dim Sum Station,Strawberry Buns,1380,2200,550,3,FALSE,FALSE,,,,,
Dim Sum Station,Animal Bao,1620,3000,750,8,FALSE,FALSE,,,,,
Dim Sum Station,Bunny Mochi,1380,2200,550,3,FALSE,FALSE,,,,,
Dim Sum Station,Pig Mochi,1620,3000,750,8,FALSE,FALSE,,,,,
Disco Stove,Raspberry Moussecake,1220,1900,475,2,FALSE,FALSE,,,,,
Disco Stove,Fancy Semifreddo,1600,2900,725,7,FALSE,FALSE,,,,,
Disco Stove,Currant Roulade,1640,3100,775,10,FALSE,FALSE,,,,,
Disposable Stove,Camera Lens Coffee,1380,2200,550,3,FALSE,FALSE,,,,,
Disposable Stove,Tripod Treats,1640,3200,800,11,FALSE,FALSE,,,,,
Disposable Stove,Flash Cookies,1620,3000,750,8,FALSE,FALSE,,,,,
Dogwood Oven,Dogwood Jello,1220,1900,475,2,FALSE,FALSE,,,,,
Dogwood Oven,Dogwood Cookies,1380,2200,550,3,FALSE,FALSE,,,,,
Dogwood Oven,Dowood Cupcakes,1540,2600,650,5,FALSE,FALSE,,,,,
Dogwood Stove,Dogwood 1-Tier Cake,1220,1900,475,2,FALSE,FALSE,,,,,
Dogwood Stove,Dogwood 2-Tier Cake,1600,2900,725,7,FALSE,FALSE,,,,,
Dogwood Stove,Dogwood 3-Tier Cake,1640,3100,775,10,FALSE,FALSE,,,,,
Donut Fryer,Mochi Donuts,1220,1900,475,2,TRUE,FALSE,,,,Donuts,Tray
Donut Fryer,Braid Donut,1380,2200,550,3,FALSE,FALSE,,,,,
Donut Fryer,Cardamom Rose Donut,1540,2600,650,5,FALSE,FALSE,,,,,
Dorothys Oven,Toto Cookie,1220,1900,475,2,FALSE,FALSE,,,,,
Dorothys Oven,Yellow Brick Scones,1380,2200,550,3,FALSE,FALSE,,,,,
Dorothys Oven,Ruby Slipper Cupcake,1540,2600,650,5,FALSE,FALSE,,,,,
Dragon's Breath Stove,Frostbite Bars,1220,1900,475,2,TRUE,TRUE,,,,Single Layer Cakes,
Dragon's Breath Stove,Warlock's Shadowberry Tart,1600,2900,725,7,FALSE,FALSE,,,,,
Dragon's Breath Stove,Minotaur's Labryinth Rolls,1640,3100,775,10,FALSE,FALSE,,,,,
Drink Mixer,Shamrock Matcha Drink,1380,2200,550,3,TRUE,TRUE,Green,St Patricks Day,,Cold Drinks,
Drink Mixer,St Patty's Rainbow Shake,1620,3000,750,8,TRUE,TRUE,,St Patricks Day,,Smoothies & Milkshakes,
Drink Mixer,Coffee,30,110,110,0.08333,TRUE,TRUE,,,,Coffees,
Drink Mixer,Espresso,250,900,450,4,TRUE,TRUE,,,,Coffees,
Drink Mixer,Hot Chocolate,750,3300,825,16,TRUE,TRUE,Brown,,,Hot Chocolates,
Drink Mixer,Latte,3020,7300,730,24,TRUE,TRUE,,,,Coffees,
Drink Mixer,Egg Nog,1580,2900,580,8,TRUE,TRUE,White,Christmas,,Cold Drinks,
Drink Mixer,Heart Coffee,1760,2900,725,4,TRUE,TRUE,Red,,,Coffees,
Drink Mixer,Chamomile Tea,740,1100,275,1,TRUE,TRUE,,,,Hot Teas,
Drink Mixer,Sparkling Cider,1940,3400,850,6,TRUE,TRUE,,,,Cold Drinks,
Drink Mixer,Mocha,800,1200,300,0.5,TRUE,TRUE,Brown,,,Coffees,
Drink Mixer,Love Potion,4640,11200,1120,24,TRUE,TRUE,Red,,,Cold Drinks,
Drink Mixer,Sparkling Clover Drink,940,1400,350,1,TRUE,TRUE,Green,St Patricks Day,,Cold Drinks,
Drink Mixer,Sweet Tea,1000,1500,375,0.5,TRUE,TRUE,Yellow,,,Cold Drinks,
Drink Mixer,Chai Tea,1560,2500,500,3,TRUE,TRUE,Brown,,,Hot Teas,
Drink Mixer,Matcha,1620,2500,625,1,TRUE,TRUE,Green,,,Cold Drinks,
Drink Mixer,White Peach Tea,1760,2700,675,1,TRUE,TRUE,Yellow,,,Hot Teas,
Drink Mixer,Apple Tea,1080,1700,425,2,TRUE,TRUE,Red,,,Hot Teas,
Drink Mixer,Jasmine Tea,2120,3300,825,1,TRUE,TRUE,Green,,,Cold Drinks,
Drink Mixer,Green Juice,1320,2100,525,2,TRUE,TRUE,Green,,,Cold Drinks,
Drink Mixer,Citrine Juice,2180,3500,875,2,TRUE,TRUE,Yellow,,,Cold Drinks,
Drink Mixer,Iced Chamomile Tea,1940,3200,800,3,TRUE,TRUE,Yellow,,,Cold Drinks,
Drink Mixer,Donut Frosty,2800,4700,1175,4,TRUE,TRUE,Brown,,,Smoothies & Milkshakes,
Drink Mixer,Strawberry Smoothie,2880,4600,1150,2,TRUE,TRUE,Red,,,Smoothies & Milkshakes,
Drink Mixer,Chocolate Milkshake,2920,5400,1350,8,TRUE,TRUE,Brown,,,Smoothies & Milkshakes,
Drink Mixer,Red Juice,2100,3600,900,5,TRUE,TRUE,Red,,,Cold Drinks,
Drink Mixer,Watermelon Juice,3100,5200,1300,4,TRUE,TRUE,Pink,,,Cold Drinks,
Drink Mixer,Oolong Green Tea,3160,5800,1450,8,TRUE,TRUE,Green,,,Hot Teas,
Drink Mixer,Lemonade,3340,5800,1450,6,TRUE,TRUE,Yellow,,,Cold Drinks,
Drink Mixer,Citrine Tea,3060,5100,1275,4,TRUE,TRUE,Yellow,,,Hot Teas,
Drink Mixer,Cappuccino,3640,7300,730,12,TRUE,TRUE,,,,Coffees,
Drink Mixer,Orange Blossom Tea,4620,8100,2025,6,TRUE,TRUE,Yellow,,,Hot Teas,
Drink Mixer,Frosty Coffee,4960,9100,2275,8,TRUE,TRUE,Brown,,,Coffees,
Drink Mixer,Earl Grey Tea,6240,15100,1510,24,TRUE,TRUE,Red,,,Hot Teas,
Drink Mixer,Hot Apple Cider,6660,14400,1440,16,TRUE,TRUE,Orange,,,Cold Drinks,
Drizzled Oven,Pink Strawberry Box,1220,1900,475,2,FALSE,FALSE,,,,,
Drizzled Oven,Chocolate Strawberry Box,1380,2200,550,3,FALSE,FALSE,,,,,
Drizzled Oven,Drizzle Strawberry Box,1540,2600,650,5,FALSE,FALSE,,,,,
Drum Kit Oven,Frozen Fruit Pops,1480,2500,625,4,FALSE,FALSE,,,,,
Drum Kit Oven,Iced Berry Pops,1380,2200,550,3,FALSE,FALSE,,,,,
Drum Kit Oven,Maracas Cake Pops,1220,1900,475,2,FALSE,FALSE,,,,,
DSLR Oven,Instant Cookies,1380,2200,550,3,FALSE,FALSE,,,,,
DSLR Oven,Film Cakes,1580,2800,700,6,FALSE,FALSE,,,,,
DSLR Oven,Camera Cupcakes,1480,2500,625,4,FALSE,FALSE,,,,,
Dublin Dessert Oven,Soda Bread,1460,2300,575,2,TRUE,TRUE,,,,,
Dublin Dessert Oven,Irish Apple Tart,2060,3400,850,4,TRUE,TRUE,,,,Tarts,
Dublin Dessert Oven,Irish Mince Pie,3240,5900,1475,8,TRUE,TRUE,,,,,
Dublin Dessert Oven,Whiskey Butter Cookies,940,1300,350,1,TRUE,FALSE,Green,St Patricks Day,,Cookies,
Duckling Stove,Easter Egg Bites,1220,1900,475,2,FALSE,FALSE,,,,,
Duckling Stove,Chocolate Nest,1600,2900,725,7,FALSE,FALSE,,,,,
Duckling Stove,Tasty Ducklings,1640,3100,775,10,FALSE,FALSE,,,,,
Eggcellent Oven,Hatching Cookies,1220,1900,475,2,FALSE,FALSE,,Easter,,,Animal|Baby Shower
Eggcellent Oven,Egg Nest Tarts,1380,2200,550,3,FALSE,FALSE,,Easter,,,
Eggcellent Oven,Eggy Pops,1540,2600,650,5,FALSE,FALSE,,,,,
Egyptian Oven,Egyptian Cookies,1220,1900,475,2,FALSE,FALSE,,,,,
Egyptian Oven,Egyptian Cake Pop,1380,2200,550,3,FALSE,FALSE,,,,,
Egyptian Oven,Egyptian Cupcakes,1540,2600,650,5,FALSE,FALSE,,,,,
Egyptian Stove,Scarab Cake,1220,1900,475,2,FALSE,FALSE,,,,,
Egyptian Stove,King Tut Cake,1600,2900,725,7,FALSE,FALSE,,,,,
Egyptian Stove,Pyramid Cake,1640,3100,775,10,FALSE,FALSE,,,,,
Electric Kettle,Rooibos,1380,2200,550,3,FALSE,FALSE,,,,,
Electric Kettle,Acai Berry Tea,1640,3200,800,11,FALSE,FALSE,,,,,
Electric Kettle,Mint Tea,1620,3000,750,8,FALSE,FALSE,,,,,
Elegant Oven,Gingerstar Cake,1220,1900,475,2,FALSE,FALSE,,,,,
Elegant Oven,Gingerfrost Cupcake,1380,2200,550,3,FALSE,FALSE,,,,,
Elegant Oven,Toffee Pudding,1540,2600,650,5,FALSE,FALSE,,,,,
Emerald Isle Oven,Irish Coffee Cake,940,1400,350,1,TRUE,FALSE,Brown,St Patricks Day,,Single Layer Cakes,
Emerald Isle Oven,Matcha Crepe Cake,940,1400,350,1,TRUE,FALSE,Green,,,,
Emerald Isle Oven,Boxty,2520,4400,1100,6,TRUE,FALSE,,,,Savory,
Emerald Isle Oven,Chicken Curry Pasty,2920,5400,1350,8,TRUE,FALSE,,,,Savory,
Emerald Isle Oven,Shepherd's Pie,3260,6200,1550,10,TRUE,FALSE,,,,Savory,
Emerald Isle Oven,Irish Apple Cake,1380,2200,550,3,FALSE,FALSE,,,,,
Emerald Isle Oven,Irish Lemon Pudding Tart,1620,3000,750,8,FALSE,FALSE,,,,,
Emerald Isle Oven,Leprechaun Shake,1380,2200,550,3,FALSE,FALSE,,,,,
Emerald Isle Oven,Paddy Hat,1620,3000,750,8,FALSE,FALSE,,,,,
Emerald Oven,Minty Emerald,1620,3000,750,8,FALSE,FALSE,,,,,
Emerald Oven,Clover Rainbow Cakes,940,1400,350,1,FALSE,FALSE,,,,,
Emerald Oven,Lucky Clover Cakes,1380,2200,550,3,FALSE,FALSE,,,,,
Emerald Oven,Clover Field Cakes,1620,3000,750,8,FALSE,FALSE,,,,,
Emerald Oven,Geode Gateau,940,1400,350,1,FALSE,FALSE,,,,,
Emerald Oven,Blue Agate Cakes,1380,2200,550,3,FALSE,FALSE,,,,,
Emerald Oven,Chocolate Shamrock,940,1400,350,1,FALSE,FALSE,,,,,
Emerald Oven,Leprechip Cookies,1380,2200,550,3,FALSE,FALSE,,,,,
Emerald Oven,Patrick's Parfait,1620,3000,750,8,FALSE,FALSE,,,,,
Emerald Oven,Shamrock Cookies,5120,10700,2675,14,FALSE,FALSE,,,,,
Emerald Oven,Blarney Stone Bars,2680,4800,1200,7,FALSE,FALSE,,,,,
Emerald Oven,Rainbow Cupcake,660,1000,250,1,FALSE,FALSE,,,,,
Engine Block Stove,Pastel Bread,1040,2000,400,2,TRUE,FALSE,Rainbow,,,Breads,
Engine Block Stove,Molasses Gear Cookies,1940,4250,850,6,TRUE,FALSE,Brown,,,Cookies,
Engine Block Stove,Blueberry Orange Muffins,2100,5250,1050,12,TRUE,FALSE,,,,Muffins,
Equestrian Oven,Horse Cakepops,1220,1900,475,2,FALSE,FALSE,,,,,
Equestrian Oven,Caramel Apple Cider,1880,3100,775,4,FALSE,FALSE,,,,,
Equestrian Oven,Horshoe Cookies,980,1500,375,1,FALSE,FALSE,,,,,
Espresso Machine,Empire Espresso,2300,3900,975,5,TRUE,FALSE,White,,,Coffees,
Espresso Machine,Brooklyn Espresso,3340,6000,1500,7,TRUE,FALSE,White,,,Coffees,
Espresso Machine,Liberty Espresso,4880,9200,2300,9,TRUE,FALSE,White,,,Coffees,
Experiment Oven,Frankenstein Cookie,1220,1900,475,2,TRUE,TRUE,,,,Cookies,
Experiment Oven,Frankenstein Pudding,1380,2200,550,3,TRUE,TRUE,,,,,
Experiment Oven,Frankenstein Pop,1540,2600,650,5,TRUE,TRUE,,,,,
Fairy Tale Oven,Spellbound Cake Pops,2560,4400,1100,5,FALSE,FALSE,,,,,
Fairy Tale Oven,Enchanted Candy Apples,1700,2800,700,3,FALSE,FALSE,,,,,
Fairy Tale Oven,Magic Fruit Wands,860,1300,325,1,FALSE,FALSE,,,,,
Fall Drink Maker,Vanilla and Brown Sugar Cider,1540,2600,650,5,FALSE,FALSE,,,,,
Fall Drink Maker,Mulled Cider,1380,2200,550,3,FALSE,FALSE,,,,,
Fall Drink Maker,Hot Buttered Cider,600,900,225,1,FALSE,FALSE,,,,,
Fall Fountain,Pumpkin Spice Fizz,2080,3600,900,6,FALSE,FALSE,,,,,
Fall Fountain,Apple Fizz,1700,2800,700,4,FALSE,FALSE,,,,,
Fall Fountain,Cranberry Fizz,1200,1900,475,2,FALSE,FALSE,,,,,
Fall Oven,Pilgrim Pops,2000,3500,875,6,FALSE,FALSE,,,,,
Fall Oven,Turkey Cupcake,1620,2700,675,4,FALSE,FALSE,,,,,
Fall Oven,Candy Cornucopia,1160,1800,450,2,FALSE,FALSE,,,,,
Fancy Drink Machine,Raspberry Bubbling Cider,1220,1900,475,2,FALSE,FALSE,,,,,
Fancy Drink Machine,Cotton Candy Sparkler,1600,2900,725,7,FALSE,FALSE,,,,,
Fancy Drink Machine,Origami On Ice,1640,3100,775,10,FALSE,FALSE,,,,,
Fantasy Stove,Dragonscale Cake,1220,1900,475,2,FALSE,FALSE,,,,,
Fantasy Stove,Unicorn Cookies,1600,2900,725,7,FALSE,FALSE,,,,,
Fantasy Stove,Storybook Cookies,1640,3100,775,10,FALSE,FALSE,,,,,
Fire Pit,Chhocolate Dipped S'mores,1220,2375,475,2,FALSE,FALSE,,,,,
Fire Pit,S'more Pie,1480,3125,625,4,FALSE,FALSE,,,,,
Fire Pit,S'mores,940,1750,350,1,FALSE,FALSE,,,,,
Firework Oven,Bursting Cake,1640,3875,775,10,FALSE,FALSE,,,,,
Firework Oven,Popping Cake Pops,1580,3500,700,6,FALSE,FALSE,,,,,
Firework Oven,Firework Cookies,1220,2375,475,2,FALSE,FALSE,,,,,
Flag Stove,Flag Pie,1480,625,3125,4,FALSE,FALSE,,,,,
Flag Stove,Spangled Cake,1580,3500,700,6,FALSE,FALSE,,,,,
Flag Stove,RWB Macaroons,940,1750,350,1,FALSE,FALSE,,,,Macarons,
Floral Cider Machine,Apple Aster Cider,1220,1900,475,2,TRUE,TRUE,,,,Cold Drinks,
Floral Cider Machine,Violet Cider,1600,2900,725,7,TRUE,TRUE,,,,Cold Drinks,
Floral Cider Machine,Bubbly Peach Rose Drink,1640,3100,775,10,TRUE,TRUE,,,,Cold Drinks,
Floral Fountain,Lavender Lemonade,1480,3250,650,6,FALSE,FALSE,,,,,
Floral Fountain,Hibiscus Iced Tea,1300,2750,550,4,FALSE,FALSE,,,,,
Floral Fountain,Rose Petal Soda,1200,2500,500,3,FALSE,FALSE,,,,,
Floral Oven,Violet Macarons,1300,2750,550,4,FALSE,FALSE,,,,Macarons,
Floral Oven,Dandelion Bread Pudding,760,1500,300,2,FALSE,FALSE,,,,,
Floral Oven,Candied Rose Petals,540,1000,200,1,FALSE,FALSE,,,,,
Floral Stove,Jelly Shortbread Cookies,1440,2300,575,2,FALSE,FALSE,,,,,
Floral Stove,Lemon Curd Tart,940,1500,375,3,FALSE,FALSE,,,,,
Floral Stove,Almond Tuiles,2060,3400,850,4,FALSE,FALSE,,,,,
Flower Bloom Oven,Raspberry Eclair,1220,1900,475,2,FALSE,FALSE,,,,,
Flower Bloom Oven,Flora Hand Pie,1380,2200,550,3,FALSE,FALSE,,,,,
Flower Bloom Oven,Blooming Cake,1540,2600,650,5,FALSE,FALSE,,,,,
Fluffy Oven,Mango Mochi,940,1400,350,1,TRUE,TRUE,,,,Ice Creams,
Fluffy Oven,Berry Souffle Pancakes,940,1400,350,1,TRUE,TRUE,Pink,,,Pancakes,
Fluffy Oven,Chicken Cupcake,940,1400,350,1,TRUE,TRUE,Yellow,,,Cupcakes,
Fluffy Oven,Orange Mochi,1380,2200,550,3,TRUE,TRUE,Orange,,,Ice Creams,
Fluffy Oven,Strawberry Mochi,1620,3000,750,8,TRUE,TRUE,Pink,,,Ice Creams,
Fluffy Oven,Slumber Grahams,1700,2600,650,1,TRUE,TRUE,,,,,
Fluffy Oven,Sleepy Cookies,1980,3200,800,3,TRUE,TRUE,Pink,,,Cookies,
Fluffy Oven,Pillow Cake,2020,3500,875,5,TRUE,TRUE,Teal,,,,
Fluffy Oven,Sheep Cupcake,1380,2200,550,3,FALSE,FALSE,,,,,
Fluffy Oven,Pig Cupcake,1620,3000,750,8,FALSE,FALSE,,,,,
Fluffy Oven,Tea Souffle Pancakes,1380,2200,550,3,FALSE,FALSE,,,,,
Fluffy Oven,Lilikoi Souffle Pancakes,1620,3000,750,8,FALSE,FALSE,,,,,
Fluffy Oven,Cable Knit Cinnamon Loaf,940,1400,350,1,TRUE,FALSE,Tan,,,Breads,
Fondue Fountain,Dipped Strawberry,420,2900,1450,6,FALSE,FALSE,,,,,
Fondue Fountain,Cocoa Marshmallow,330,2200,1100,4,FALSE,FALSE,,,,,
Fondue Fountain,Chocolate Banana,240,1500,750,2,FALSE,FALSE,,,,,
Four Leaf Oven,Paddy's Pastry,1220,1900,475,2,FALSE,FALSE,,,,,
Four Leaf Oven,Luck Cakes,1600,2900,725,7,FALSE,FALSE,,,,,
Four Leaf Oven,St Patrifle,1640,3100,775,10,FALSE,FALSE,,,,,
Frappe Fountain,Caramel Frappe,2080,3600,900,6,FALSE,FALSE,,,,,
Frappe Fountain,Mocha Frappe,1700,2800,700,4,FALSE,FALSE,,,,,
Frappe Fountain,Strawberry Frappe,1200,1900,475,2,FALSE,FALSE,,,,,
French Coffee Press,Layered Latte,1220,1900,475,2,FALSE,FALSE,,,,,
French Coffee Press,Bear Latte,1600,2900,725,7,FALSE,FALSE,,,,,
French Coffee Press,Cat Latte,1640,3100,775,10,FALSE,FALSE,,,,,
French Cookie Oven,Lemon Madeleines,2560,4400,1100,5,FALSE,FALSE,,,,,
French Cookie Oven,Sable Cookies,1620,2600,650,3,FALSE,FALSE,,,,,
French Cookie Oven,Palmier Cookies,1040,1600,400,1,FALSE,FALSE,,,,,
Frog Oven,Frog Cookie,1220,1900,475,2,TRUE,FALSE,Green,,,Cookies,Animal
Frog Oven,Frog Cupcake,1380,2200,550,3,FALSE,FALSE,,,,,
Frog Oven,Frogs on a Log,1540,2600,650,5,FALSE,FALSE,,,,,
Frog Stove,Frog Jellies,1220,1900,475,2,FALSE,FALSE,,,,,
Frog Stove,Frog Eye Salad,1600,2900,725,7,FALSE,FALSE,,,,,
Frog Stove,Frog Ice Cream,1640,3100,775,10,FALSE,FALSE,,,,,
Frono Di Pasticcino,Torta Caprese,1620,3000,750,8,FALSE,FALSE,,,,,
Frono Di Pasticcino,Panettone,1580,2800,700,6,FALSE,FALSE,,,,,
Frono Di Pasticcino,Pignulata,1540,2600,650,5,FALSE,FALSE,,,,,
Frosty Freezer,Balboa Bar,3860,8000,2000,14,FALSE,FALSE,,,,,
Frosty Freezer,Cookie Sandwich,2720,5200,1300,10,FALSE,FALSE,,,,,
Frosty Freezer,Frozen Lemonade,2100,3700,925,6,FALSE,FALSE,,,,,<3
Frosty Stove,Blue Strawberries,1220,1900,475,2,FALSE,FALSE,,,,,
Frosty Stove,Chilled Donuts,1600,2900,725,7,FALSE,FALSE,,,,,
Frosty Stove,Icicle Pops,1640,3100,775,10,FALSE,FALSE,,,,,
Frozen Banana Stand,Sprinkled Banana,2660,4900,1225,8,FALSE,FALSE,,,,,
Frozen Banana Stand,Frosted Banana,1880,3100,775,4,FALSE,FALSE,,,,,
Frozen Banana Stand,Coconut Banana,1220,1900,475,1900,FALSE,FALSE,,,,,
Frozen Coffee Machine,Frozen Coffee,1220,1900,475,2,FALSE,FALSE,,,,,
Frozen Coffee Machine,Frozen Caramel Latte,1600,2900,725,7,FALSE,FALSE,,,,,
Frozen Coffee Machine,Frozen Mocha,1640,3100,775,10,FALSE,FALSE,,,,,
Frozen Drink Machine,Strawberry Space Shake,940,1400,350,1,TRUE,TRUE,,,,Smoothies & Milkshakes,
Frozen Drink Machine,Lemon Berry Smoothie,940,1400,350,1,TRUE,TRUE,,,,Smoothies & Milkshakes,
Frozen Drink Machine,Strawberry Splash,1920,3100,775,3,TRUE,TRUE,,,,Smoothies & Milkshakes,
Frozen Drink Machine,Pineapple Paradise,3340,5800,1450,6,TRUE,TRUE,,,,Smoothies & Milkshakes,
Frozen Drink Machine,Ocean Blast,6060,12100,3025,12,TRUE,TRUE,,,,Smoothies & Milkshakes,
Frozen Drink Machine,Strawberry Matcha Smoothies,1620,3000,750,8,FALSE,FALSE,,,,,
Frozen Drink Machine,Pineapple Berry Smoothie,1380,220,550,3,FALSE,FALSE,,,,,
Frozen Drink Machine,Peanut Butter Planetary Shake,1380,2200,550,3,FALSE,FALSE,,,,,
Frozen Drink Machine,Galaxy Grape Shake,1620,3000,750,8,FALSE,FALSE,,,,,
Frozen Fruit Fountain,Watermelon Slushie,1220,1900,475,2,FALSE,FALSE,,,,,
Frozen Fruit Fountain,Blueberry Slushie,1380,2200,550,3,FALSE,FALSE,,,,,
Frozen Fruit Fountain,Melon Slushie,1540,2600,650,5,FALSE,FALSE,,,,,
Frozen Gift Machine,Festive Refresher,1220,1900,475,2,TRUE,TRUE,,,,Cold Drinks,
Frozen Gift Machine,Green Grump Punch,1600,2900,725,7,TRUE,TRUE,,,,Cold Drinks,
Frozen Gift Machine,Reindeer Bath,1640,3100,775,10,TRUE,TRUE,,,,,
Frozen Gift Oven,Sugar Bear,1220,1900,475,2,TRUE,TRUE,,,,,
Frozen Gift Oven,Lost Cane Cake,1380,2200,550,3,TRUE,TRUE,,,,,
Frozen Gift Oven,Wonderbite Truffles,1540,2600,650,5,TRUE,TRUE,,,,Candies/Sweets,
Frozen Stove,Blue Strawberries,1220,1900,475,2,FALSE,FALSE,,,,,
Frozen Stove,Chilled Donuts,1600,2900,725,7,FALSE,FALSE,,,,,
Frozen Stove,Icicle Pops,1640,3100,775,10,FALSE,FALSE,,,,,
Fruit Chocolate Dip,Chocolate Pineapple,2520,5000,1250,12,FALSE,FALSE,,,,,
Fruit Chocolate Dip,Chocolate Strawberries,3760,8500,2125,18,FALSE,FALSE,,,,,
Fruit Chocolate Dip,Chocolate Golden Box,940,1400,350,1,FALSE,FALSE,,,,,
Fruit Chocolate Dip,Chocolate Heart Box,1380,2200,550,3,FALSE,FALSE,,,,,
Fruit Chocolate Dip,Chocolate Fruit Bouquet,1620,3000,750,8,FALSE,FALSE,,,,,
Fruit Juicer,Dragonfruit Drink,940,1400,350,1,TRUE,FALSE,Pink,,,Cold Drinks,
Fruit Juicer,Grapefruit Seltzer,940,1400,350,1,TRUE,FALSE,Orange,,,Cold Drinks,
Fruit Juicer,Orange Juice,1800,2900,725,2,TRUE,FALSE,,,,Cold Drinks,
Fruit Juicer,Apple Juice,2820,4700,1175,4,TRUE,FALSE,,,,Cold Drinks,
Fruit Juicer,Cranberry Juice,3860,6800,1700,6,TRUE,FALSE,Red,,,Cold Drinks,
Fruit Juicer,Cococnut Drink,1380,220,550,3,FALSE,FALSE,,,,,
Fruit Juicer,Pineapple Drink,1620,3000,750,8,FALSE,FALSE,,,,,
Fruit Juicer,Watermelon Seltzer,1380,220,550,3,FALSE,FALSE,,,,,
Fruit Juicer,Lemon Seltzer,1620,3000,750,8,FALSE,FALSE,,,,,
Fudge Station,Chocolate Fudge,2000,3300,825,4,TRUE,FALSE,Brown,,,Candies/Sweets,
Fudge Station,Maple Fudge,2800,5100,1275,8,TRUE,FALSE,Tan,,,Candies/Sweets,
Fudge Station,Glazed Pecan Fudge,3380,6800,1700,12,TRUE,FALSE,White,,,Candies/Sweets,
Fusion Oven,Avocado Matcha Tart,1220,1900,475,2,TRUE,FALSE,Green,,,Tarts,
Fusion Oven,Beet Choco Cake,1380,2200,550,3,TRUE,FALSE,,,,Brownies,
Fusion Oven,Lavender Lemonies,1540,2600,650,5,FALSE,FALSE,,,,,
Galaxy Oven,Astronaut Cookies,1220,1900,475,2,FALSE,TRUE,,,,,
Galaxy Oven,Planetary Cookies,1380,2200,550,3,FALSE,FALSE,,,,,
Galaxy Oven,Galaxy Cookies,1540,2600,650,5,FALSE,FALSE,,,,,
Garden Cottage Oven,Petal Cake Pop,1400,2200,550,2,FALSE,FALSE,,,,,
Garden Cottage Oven,Flowery Cake Pop,1420,2200,550,2,FALSE,FALSE,,,,,
Garden Cottage Oven,Flower Pot Pop,1020,1600,400,1,FALSE,FALSE,,,,,
Garden Fountain,Marigold Lemonade,940,1400,350,1,TRUE,TRUE,,,,Cold Drinks,
Garden Fountain,Grapefruit Honey Tea,940,1400,350,1,TRUE,TRUE,Yellow,,,Hot Teas,
Garden Fountain,Limeade,980,1500,375,1,TRUE,TRUE,,,,Cold Drinks,
Garden Fountain,Pink Lemonade,1360,2200,550,2,TRUE,TRUE,Pink,,,Cold Drinks,
Garden Fountain,Blackberry Lemonade,2080,3500,875,4,TRUE,TRUE,,,,Cold Drinks,
Garden Fountain,Elderflower Rosewater,1380,2200,550,3,FALSE,FALSE,,,,,
Garden Fountain,Pansy Refresher,1620,3000,750,8,FALSE,FALSE,,,,,
Garden Fountain,Elderberry Tea,1380,2200,550,3,FALSE,FALSE,,,,,
Garden Fountain,Choco-mint Tea,1620,3000,750,8,FALSE,FALSE,,,,,
Garden Grove Stove,Spring Cake,1220,2100,525,5,FALSE,FALSE,,,,,
Garden Grove Stove,Petal Cake,1340,2300,575,6,FALSE,FALSE,,,,Multi Layer Cakes,
Garden Grove Stove,Spring Branches Cake,1460,2700,675,8,FALSE,FALSE,,,,,
Garden Oven,Snail Snack,3340,6400,1600,10,FALSE,FALSE,,,,,
Garden Oven,Garden Cupcake,2760,4900,1225,7,FALSE,FALSE,Green,,,,Plants
Garden Oven,Dirt Cups,2100,3600,900,5,FALSE,FALSE,,,,,
Gelato Cart,Chocolate Gelato,1980,3600,900,8,FALSE,FALSE,,,,,
Gelato Cart,Green Tea Gelato,1700,3000,750,6,FALSE,FALSE,,,,,
Gelato Cart,Honey Gelato,1400,2300,575,4,FALSE,FALSE,,,,,
Glazed Stove,Chocoday Cupcake,1220,1900,475,2,FALSE,FALSE,,,,,
Glazed Stove,Rainbow Party Pops,1600,2900,725,7,FALSE,FALSE,,,,,
Glazed Stove,Confetti Cookies,1640,3100,775,10,FALSE,FALSE,,,,,
Gold Gilded Oven,Peppercream Cake,1220,1900,475,2,FALSE,FALSE,,,,,
Gold Gilded Oven,Jungle Bites,1380,2200,550,3,FALSE,FALSE,,,,,
Gold Gilded Oven,Chocolate Honeycombs,1540,2600,650,5,FALSE,FALSE,,,,,
Golden Bird Stove,Savory Meal Roll,1220,1900,475,2,FALSE,FALSE,,,,,
Golden Bird Stove,Apple Crumb Pie,1600,2900,725,7,FALSE,FALSE,,,,,
Golden Bird Stove,Acorn Bites,1640,3100,775,10,FALSE,FALSE,,,,,
Gothic Home Oven,Graveyard Cake,1220,1900,475,2,TRUE,TRUE,,,,,
Gothic Home Oven,Monster Sheet Cake,1600,2900,725,7,TRUE,TRUE,,,,,
Gothic Home Oven,Witch Leg Cake,1640,3100,775,10,TRUE,TRUE,,,,,
Gourd Oven,Pumpkin Loaf,1220,1900,475,2,TRUE,TRUE,,,,,
Gourd Oven,Pumpkin Cheese Bread,1380,2200,550,3,TRUE,TRUE,,,,,
Gourd Oven,Pumpkin Pudding,1540,2600,650,5,TRUE,TRUE,,,,,
Gourmet Soda Machine,Watermelon Soda,2920,5400,1350,8,FALSE,FALSE,,,,,
Gourmet Soda Machine,Honey Lime Soda,2060,3400,850,4,FALSE,FALSE,,,,,
Gourmet Soda Machine,Blueberry Soda,1320,2100,525,2,FALSE,FALSE,,,,,
Grand Slam Oven,Cream Dogs,2660,4900,1225,8,FALSE,FALSE,,,,,
Grand Slam Oven,Baseball Cakes,2300,4000,1000,6,FALSE,FALSE,,,,,
Grand Slam Oven,Grand Slam Cake,1880,3100,775,4,FALSE,FALSE,,,,,
Grand Slam Oven,Colorful Pretzels,940,1400,350,1,FALSE,FALSE,,,,,
Grand Slam Oven,Cheese Stuffed Pretzel,1380,2200,550,3,FALSE,FALSE,,,,,
Grand Slam Oven,Pretzel Bunnies,1620,3000,750,8,FALSE,FALSE,,,,,
Grape Oven,Grape Prosciutto Crostini,1220,1900,475,2,TRUE,TRUE,,,,,
Grape Oven,Grape Cake,1380,2200,550,3,TRUE,TRUE,,,,,
Grape Oven,Roasted Grape Tart,1540,2600,650,5,TRUE,TRUE,,,,Tarts,
Grape Stove,Grape Panna Cotta,1220,1900,475,2,TRUE,TRUE,,,,,
Grape Stove,Grape Mochi,1600,2900,725,7,TRUE,TRUE,,,,Ice Creams,
Grape Stove,Grape Mousse Cake,1640,3100,775,10,TRUE,TRUE,,,,,
Grapefruit Cooker,Key Lime Cupcakes,940,1400,350,1,TRUE,TRUE,Green,,,Cupcakes,
Grapefruit Cooker,Zesty Lime Mousse,940,1400,350,1,TRUE,TRUE,Yellow,,,,
Grapefruit Cooker,Raspberry Hive Tart,940,1400,350,1,TRUE,TRUE,,,,Tarts,
Grapefruit Cooker,Rosemary Pear Cookies,940,1400,350,1,TRUE,TRUE,,,,Cookies,
Grapefruit Cooker,Tanghulu Grapes,940,1400,350,1,TRUE,TRUE,,,,,
Grapefruit Cooker,Wonderflake Cake,1380,2200,550,3,TRUE,TRUE,Blue,,,,
Grapefruit Cooker,Nightfrost Punch,1620,3000,750,8,TRUE,TRUE,Yellow,,,Cold Drinks,
Grapefruit Cooker,Grapefruit Smoothie,1540,2400,600,1,TRUE,TRUE,Red,,,Smoothies & Milkshakes,
Grapefruit Cooker,Grapefruit Pie,2060,3300,825,2,TRUE,TRUE,Tan,,,Pies,
Grapefruit Cooker,Grapefruit Sorbet,2840,4700,1175,4,TRUE,TRUE,Pink,,,Ice Creams,
Grapefruit Cooker,Maple Pear Cupcake,1380,2200,550,3,FALSE,FALSE,,,,,
Grapefruit Cooker,Rasp-pear-stachio Tart,1620,3000,750,8,FALSE,FALSE,,,,,
Grapefruit Cooker,Coconut Key Lime Pie,1380,2200,550,3,FALSE,FALSE,,,,,
Grapefruit Cooker,Key Lime Cake,1620,3000,750,8,FALSE,FALSE,,,,,
Grapefruit Cooker,Muscat Sandwich,1380,2200,550,3,FALSE,FALSE,,,,,
Grapefruit Cooker,Grape Tart,1620,3000,750,8,FALSE,FALSE,,,,,
Grapefruit Cooker,Grapefruit Panna Cotta,1380,2200,550,3,FALSE,FALSE,,,,,
Grapefruit Cooker,Lemon Brownies,1620,3000,750,8,FALSE,FALSE,,,,,
Greco Oven,Cinnamon Shore Pie,1220,1900,475,2,FALSE,FALSE,,,,,
Greco Oven,Ambrosia Twists,1380,2200,550,3,FALSE,FALSE,,,,,
Greco Oven,Lemon Yogurt Bar,1540,2600,650,5,FALSE,FALSE,,,,,
Green Shop Stove,Meiser Mint Brownie,1220,1900,475,2,FALSE,FALSE,,,,,
Green Shop Stove,Cherry Chocolate Reindeer,1600,2900,725,7,FALSE,FALSE,,,,,
Green Shop Stove,Wonder Wreaths,1640,3100,775,10,FALSE,FALSE,,,,,
Griddle,Pancake Smiles,1220,1900,475,2,FALSE,FALSE,,,,,
Griddle,Bacon Waffles,1600,2900,725,7,FALSE,FALSE,,,,,
Griddle,Breakfast Panini,1640,3100,775,10,FALSE,FALSE,,,,,
Guitar Oven,Drum Cake,1580,2800,700,6,FALSE,FALSE,,,,,
Guitar Oven,Treble Cookies,1540,2600,650,5,FALSE,FALSE,,,,,
Guitar Oven,Note Cupcakes,1060,1700,425,3,FALSE,FALSE,,,,,
Hallo Oven,Sweet Pumpkins,880,1400,350,1,FALSE,FALSE,,,,,
Hallo Oven,Creepy Pops,1520,2500,625,3,FALSE,FALSE,,,,,
Hallo Oven,Cupcake Ghouls,2160,3800,950,6,FALSE,FALSE,,Halloween,,,
Harvest Candy Maker,Sweet Corn Brittle,1220,1900,475,2,TRUE,FALSE,,,,Candies/Sweets,
Harvest Candy Maker,Pecan Pralines,1880,3100,775,4,TRUE,FALSE,,,,,
Harvest Candy Maker,Apple Spice Truffle,2660,4900,1225,8,TRUE,FALSE,,,,Candies/Sweets,
Harvest Fair Oven,Apple Pie Rolls,1220,1900,475,2,FALSE,FALSE,,,,,
Harvest Fair Oven,Key Lime Picicle,1380,2200,550,3,FALSE,FALSE,,,,,
Harvest Fair Oven,Strawberry Do-Cake,1540,2600,650,5,FALSE,FALSE,,,,,
Harvest Fair Stove,Festival Funnel Cake,1220,1900,475,2,FALSE,FALSE,,,,,
Harvest Fair Stove,Cake Cone,1600,2900,725,7,FALSE,FALSE,,,,,
Harvest Fair Stove,Sugary Cinnamon Delight,1640,3100,775,10,FALSE,FALSE,,,,,
Harvest Oven,Sweetgum Leaf Cookies,3120,6100,1525,11,FALSE,FALSE,,,,,
Harvest Oven,Sycamore Leaf Cookies,1580,2800,700,6,FALSE,FALSE,,,,,
Harvest Oven,Japanese Maple Leaf Cookies,1220,1900,475,2,FALSE,FALSE,,,,,
Harvest Stove,Cute Mushroom Cake,1220,1900,475,2,TRUE,TRUE,,,,,
Harvest Stove,Caramel Apple Cake,1600,2900,725,7,TRUE,TRUE,,,,,
Harvest Stove,Harvest Tier Cake,1640,3100,775,10,TRUE,TRUE,,,,,
Haunted Drink Machine,Midnight Milkshake,2660,4900,1225,8,FALSE,FALSE,,,,,
Haunted Drink Machine,Gummy Worm Punch,1880,3100,775,4,FALSE,FALSE,,,,,
Haunted Drink Machine,Slime Slushie,1220,1900,475,2,FALSE,FALSE,,,,,
Haunted Home Stove,Haunted Macarons,1220,1900,475,2,TRUE,TRUE,,,,Macarons,
Haunted Home Stove,Spider Cupcakes,1380,2200,550,3,TRUE,TRUE,,,,Cupcakes,
Haunted Home Stove,Ghost Brownies,1540,2600,650,5,TRUE,TRUE,,,,Brownies,
Haute Stove,Caramel Coffeecotta,1220,1900,475,2,FALSE,FALSE,,,,,
Haute Stove,Strawberry Napoleon,1600,2900,725,7,FALSE,FALSE,,,,,
Haute Stove,Cocoa Cookies,1640,3100,775,10,FALSE,FALSE,,,,,
Hawaiian Oven,Pina Colada Cupcake,1560,2700,675,1,TRUE,FALSE,,,,Cupcakes,
Hawaiian Oven,Island Macaroons,1720,2800,700,3,TRUE,FALSE,Tan,,,Macarons,
Hawaiian Oven,Usidedown Cake,1780,2900,725,5,TRUE,FALSE,,,,,
Hay Bale Fountain,Harvest Hot Cocoa,1580,2800,700,6,TRUE,FALSE,,,Fall,Hot Chocolates,
Hay Bale Fountain,Autumn Americano,1440,2500,625,5,TRUE,FALSE,,,Fall,Coffees,
Hay Bale Fountain,Thankful Tea,1300,2200,550,4,TRUE,FALSE,,,Fall,Hot Teas,
Headstone Oven,Creepy Looking Cake,940,1400,350,1,TRUE,TRUE,,,,,
Headstone Oven,Spiderweb Bunuelos,940,1400,350,1,TRUE,TRUE,,,,,
Headstone Oven,Ghost Pops,2640,4300,1075,3,TRUE,TRUE,,,,Cake Pops,
Headstone Oven,Nightmare Cake,940,1400,350,1,TRUE,TRUE,,,,,
Headstone Oven,Nightshade Marble Cake,940,1400,350,1,TRUE,FALSE,Brown,Halloween,,,
Headstone Oven,Bat Pie,940,1400,350,1,TRUE,TRUE,,,,Pies,
Headstone Oven,Ghost Cookies,3720,6500,1625,6,TRUE,TRUE,White,Halloween,,Cookies,
Headstone Oven,Ghost Cupcakes,4560,8600,2150,9,TRUE,TRUE,Brown,Halloween,,Cupcakes,
Headstone Oven,Bat Cookie,1380,2200,550,3,TRUE,TRUE,,,,Cookies,
Headstone Oven,Bat Cupcakes,1620,3000,750,8,TRUE,TRUE,,,,Cupcakes,
Headstone Oven,Sugar Skull Cake Pops,1620,3000,750,8,FALSE,FALSE,,,,,
Headstone Oven,Halloween Conchas,1380,2200,550,3,FALSE,FALSE,,,,,
Headstone Oven,Midnight Meringue Spires,1380,2200,550,3,FALSE,FALSE,,,,,
Headstone Oven,Ghoulcake,1620,3000,750,8,FALSE,FALSE,,,,,
Headstone Oven,Sugary Shout Cake,1380,2200,550,3,FALSE,FALSE,,,,,
Headstone Oven,Demon Drops,1600,3000,750,8,FALSE,FALSE,,,,,
Headstone Oven,Sugar Skull Cake Pops,1620,3000,750,8,FALSE,FALSE,,,,,
Headstone Oven,Pumpkin Yogurt Pretzel,1380,2200,550,3,FALSE,FALSE,,,,,
Healthy Oven,Happy Bark,1440,2300,575,2,FALSE,FALSE,,,,,
Healthy Oven,Hearty Muffins,1760,2900,725,3,FALSE,FALSE,,,,,
Healthy Oven,Trail Mix,1020,1600,400,1,FALSE,FALSE,Brown,,,Savory,
Healthy Sweets Machine,Saffron Ice Cream,940,1400,350,1,TRUE,TRUE,,,,Ice Creams,
Healthy Sweets Machine,Plum Parfait,940,1400,350,1,TRUE,TRUE,,,,Puddings/Parfaits,
Healthy Sweets Machine,Ginger Kombucha,940,1400,350,1,TRUE,TRUE,Yellow,,,Puddings/Parfaits,
Healthy Sweets Machine,Orange Banana Ice Cream,1300,2200,550,5,TRUE,FALSE,Yellow,,,Ice Creams,
Healthy Sweets Machine,Mango Lime Ice Cream,1740,3100,775,7,TRUE,TRUE,,,,Ice Creams,
Healthy Sweets Machine,POM and Berry Ice Cream,2200,4100,1025,9,TRUE,FALSE,Pink,,,Ice Creams,
Healthy Sweets Machine,Avocado Ice Cream,1620,3000,750,8,FALSE,FALSE,,,,,
Healthy Sweets Machine,Choco Cherry Ice Cream,1380,2200,550,3,FALSE,FALSE,,,,,
Healthy Sweets Machine,Floral Kombucha,1620,3000,750,8,FALSE,FALSE,,,,,
Healthy Sweets Machine,Raspberry Lemon Kombucha,1380,2200,550,3,FALSE,FALSE,,,,,
Healthy Sweets Machine,Lavender Blueberry Parfait,1620,3000,750,8,FALSE,FALSE,,,,,
Healthy Sweets Machine,Lemon Cherry Parfait,1380,2200,550,3,FALSE,FALSE,,,,,
Heart Bakers Oven,Romantic Rose Cake,1440,2600,650,7,FALSE,FALSE,,,,,
Heart Bakers Oven,Romantic Cake,1340,2300,575,6,FALSE,FALSE,,,,,
Heart Bakers Oven,Love At First Bite,1220,2100,525,5,FALSE,FALSE,,,,,
Hi Fi Player,Wouldn't it be Rice,1220,1900,475,2,FALSE,FALSE,,,,,
Hi Fi Player,Thyme After Thyme,1600,2900,725,7,FALSE,FALSE,,,,,
Hi Fi Player,Take My Bread Away,1640,3100,775,10,FALSE,FALSE,,,,,
HOHOHOliday Oven,Holiday Pie Board,1220,1900,475,2,TRUE,FALSE,Tan,Christmas,,Pies,
HOHOHOliday Oven,Holiday Puppy Chow,1380,2200,550,3,FALSE,FALSE,,,,,
HOHOHOliday Oven,Holiday Puff Pas Trees,1540,2600,650,5,FALSE,FALSE,,,,,
HOHOHOliday Stove,Holiday Punch,1220,1900,475,2,FALSE,FALSE,,,,,
HOHOHOliday Stove,Pumpkin Pie Latte,1600,2900,725,7,FALSE,FALSE,,,,,
HOHOHOliday Stove,Festive Fizz,1640,3100,775,10,FALSE,FALSE,,,,,
Holiday Drink Mixer,Reindeer Cranberry Fizz,760,1200,300,1,TRUE,FALSE,Red,Christmas,,Cold Drinks,
Holiday Drink Mixer,Cranberry Punch,860,1400,350,2,TRUE,FALSE,,,,Cold Drinks,
Holiday Drink Mixer,Cranberry Hot Chocolate,1020,1600,400,4,TRUE,FALSE,,,,Hot Chocolates,
Holiday Night Oven,Danish Butter Cookies,1220,1900,475,2,TRUE,TRUE,,,,Cookies,
Holiday Night Oven,Driedel Cookies,1600,2900,725,7,TRUE,TRUE,,,,Cookies,
Holiday Night Oven,Ornament Bon Bons,1640,3100,775,10,TRUE,TRUE,,,,,
Holiday Oven,Cranberry Tarts,1120,1800,450,2,TRUE,FALSE,,,,Tarts,
Holiday Oven,Cranberry Fudge,1220,2100,525,3,TRUE,FALSE,,,,Candies/Sweets,
Holiday Oven,Cranberry Cake,1440,2300,575,5,TRUE,FALSE,,,,,
Homey Stove,Puppy Chow,1220,1900,475,2,FALSE,FALSE,,,,,
Homey Stove,Dump Cake,1600,2900,725,7,FALSE,FALSE,,,,,
Homey Stove,Classic Yellow Cake,1640,3100,775,10,FALSE,FALSE,,,,,
Homey Stove,Dump Cake,1600,2900,725,7,FALSE,FALSE,,,,,
Honey Maker,Honey Sun Tea,1640,3100,775,10,FALSE,FALSE,,,,,
Honey Maker,Honey Yeast Roll,1220,1900,475,2,FALSE,FALSE,,,,,
Honey Maker,Honey Baklava,1600,2900,725,7,FALSE,FALSE,,,,,
Honey Maker,Honey Sun Tea,1640,3100,775,10,FALSE,FALSE,,,,,
Honey Mixer,Honey Tea,1540,2500,625,3,TRUE,TRUE,,,,Hot Teas,
Honey Mixer,Honey Cider,940,1400,350,1,TRUE,TRUE,,,,Cold Drinks,
Honey Mixer,Honeycomb Milkshake,1380,2200,550,3,TRUE,TRUE,,,,Smoothies & Milkshakes,
Honey Mixer,Honeybear Tea,1620,3000,750,8,TRUE,TRUE,,,,Hot Teas,
Honey Mixer,Honey Smoothie,2160,3800,950,6,TRUE,TRUE,,,,Smoothies & Milkshakes,
Honeycomb Oven,Caramel Puff Corn,940,1400,350,1,TRUE,TRUE,Green,,,Candies/Sweets,
Honeycomb Oven,Honey Comb Cake,940,1400,350,1,TRUE,TRUE,Yellow,,,Single Layer Cakes,
Honeycomb Oven,Hive Cakes,1840,300,750,3,TRUE,TRUE,,,,,
Honeycomb Oven,Buzzing Cookies,2280,4000,1000,6,TRUE,TRUE,,,,Cookies,
Honeycomb Oven,Buzz Pops,2780,5200,1300,9,TRUE,TRUE,,,,Cake Pops,
Honeycomb Oven,Honey Bear Cake,1620,3000,750,8,FALSE,FALSE,,,,,
Honeycomb Oven,Honey Hive Cake,1380,2200,550,3,FALSE,FALSE,,,,,
Honeycomb Oven,Gooey Butter Cake,1620,3000,750,8,FALSE,FALSE,,,,,
Honeycomb Oven,Peppernut Cookies,1380,2200,550,3,FALSE,FALSE,,,,,
Horseshoe Stove,Apple Coffee Cake,1220,1900,475,2,FALSE,FALSE,,,,,
Horseshoe Stove,Horseshoe Cake,1600,2900,725,7,FALSE,FALSE,,,,,
Horseshoe Stove,Irish Bread Pudding,1640,3100,775,10,FALSE,FALSE,,,,,
Ice Box,Ice Cream Burrito,1540,2600,650,5,FALSE,FALSE,,,,,
Ice Box,Emoji Swirl,1380,2200,550,3,FALSE,FALSE,,,,,
Ice Box,Taiyaki Ice Creak,1220,1900,475,2,FALSE,FALSE,,,,,
Ice Cream Maker,Spumoni Gelato,940,1400,350,1,TRUE,TRUE,Rainbow,,,Ice Creams,
Ice Cream Maker,Rainbow Sundae,940,1400,350,1,TRUE,TRUE,Rainbow,,,Ice Creams,
Ice Cream Maker,Cookie Shake,940,1400,350,1,TRUE,TRUE,Brown,,,Smoothies & Milkshakes,
Ice Cream Maker,Matcha Crepe,940,1400,350,1,TRUE,TRUE,Rainbow,,,Pastries,
Ice Cream Maker,Chocolate Scoop,1660,2600,650,2,TRUE,TRUE,,,,Ice Creams,
Ice Cream Maker,Spumoni,2640,4200,1050,2,TRUE,TRUE,,,,Ice Creams,
Ice Cream Maker,Green Tea Scoop,2660,4400,1100,4,TRUE,TRUE,,,,Ice Creams,
Ice Cream Maker,Banana Split Sundae,3840,7000,1750,8,TRUE,TRUE,,,,Ice Creams,
Ice Cream Maker,Vanilla Scoop,4520,11900,2975,48,TRUE,TRUE,,,,Ice Creams,
Ice Cream Maker,Strawberry Scoop,4620,10000,2500,16,TRUE,TRUE,,,,Ice Creams,
Ice Cream Maker,Cake Shake,1380,2200,550,3,FALSE,FALSE,,,,,
Ice Cream Maker,Cotton Candy Shake,1620,3000,750,8,FALSE,FALSE,,,,,
Ice Cream Maker,Giant Sundae,1620,3000,750,8,FALSE,FALSE,,,,,
Ice Cream Maker,Strawberry Balsamic Sundae,1380,2200,550,3,FALSE,FALSE,,,,,
Ice Cream Maker,Bear Crepe,1620,3000,750,8,FALSE,FALSE,,,,,
Ice Cream Maker,Sakura Crepe,1380,2200,550,3,FALSE,FALSE,,,,,
Ice Cream Maker,Spumoni 2023,940,1400,350,1,FALSE,FALSE,,,,,
Ice Cream Maker,Rose Gelato,1620,3000,750,8,FALSE,FALSE,,,,,
Ice Cream Maker,Limoncello Gelato,1380,2200,550,3,FALSE,FALSE,,,,,
Import Ice Creamery,Italian Ice,940,1750,350,1,FALSE,FALSE,,,,,
Import Ice Creamery,Dondurma,1480,3125,625,4,FALSE,FALSE,,,,,
Import Ice Creamery,Egg Waffle Ice Cream,1580,3500,700,6,FALSE,FALSE,,,,,
Inspired Oven,Guiding Star Cookies,1220,1900,475,2,FALSE,TRUE,,Independence Day,,,
Inspired Oven,Sprinkled Cake,1380,2200,550,3,FALSE,FALSE,,Independence Day,,,
Inspired Oven,Tri Frosted Cupcake,1540,2600,650,5,FALSE,FALSE,,Independence Day,,,
Intergalactic Stove,Interplanetary Donuts,1220,1900,475,2,TRUE,FALSE,,,,Donuts,Space
Intergalactic Stove,Milky Way Cake,1600,2900,725,7,FALSE,FALSE,,,,,Space
Interstellar Fountain,Celestial Sipper,940,1400,350,1,FALSE,FALSE,,,,,Space
Interstellar Fountain,Pulsar Punch,1540,2600,650,5,FALSE,FALSE,,,,,Space
Interstellar Fountain,Nebulous Star-Glo,1640,3100,775,10,FALSE,FALSE,,,,,Space
Iron Oven,Grilled Peach Crumbles,1220,1900,475,2,FALSE,TRUE,,,,,
Iron Oven,Cast Iron Cobblers,1380,2200,550,3,FALSE,FALSE,,,,,
Iron Oven,Huckleberry Pies,1540,2600,650,5,FALSE,FALSE,,,,,
Italian Soda Fountain,Italian Cola,1220,1900,475,2,FALSE,FALSE,,,,,
Italian Soda Fountain,Italian Fruit Soda,1600,2900,725,7,FALSE,FALSE,,,,,
Italian Soda Fountain,Italian Cream Soda,1640,3100,775,10,FALSE,FALSE,,,,,
Italitan Oven,Focaccia Bread,4560,9100,2275,12,TRUE,FALSE,,,,Breads,
Italitan Oven,Pane di Pasta,4620,8900,2225,10,TRUE,FALSE,,,,,
Italitan Oven,Garlic Bread,5140,9400,2350,8,TRUE,FALSE,,,,Breads,
Ivy Grown Stove,Impressionist Macaron,1220,1900,475,2,FALSE,FALSE,,,,Macarons,
Ivy Grown Stove,Spring Tart,1600,2900,725,7,FALSE,FALSE,,,,,
Ivy Grown Stove,Raspberry Rose Matcha Bite,1640,3100,775,10,FALSE,FALSE,,,,,
Jam Maker,Jam and Cream Scones,1220,1900,475,2,TRUE,FALSE,,,,Pastries,
Jam Maker,Apple Butter and Bread,1600,2900,725,7,TRUE,FALSE,,,,Breads,
Jam Maker,Jam and Cheese Plate,1640,3100,775,10,FALSE,FALSE,,,,,
Jazz Oven,Beignets,1980,3200,800,3,TRUE,FALSE,,,,Donuts,
Jazz Oven,Bananas Foster,2300,3900,975,5,TRUE,FALSE,,,,,
Jazz Oven,Pain Perdu,3260,6500,1625,12,TRUE,FALSE,,,,,
Juneteenth Chiller,Juneteenth Sipper,1220,1900,475,2,FALSE,FALSE,,,,,
Juneteenth Chiller,Juneteenth Ice Cream,1600,2900,725,7,FALSE,FALSE,,,,,
Juneteenth Chiller,Juneteenth Shaved Ice,1640,3100,775,10,FALSE,FALSE,,,,,
Juneteenth Oven,Juneteenth Macarons,1220,1900,475,2,FALSE,FALSE,,,,Macarons,
Juneteenth Oven,Juneteenth Cupcakes,1380,2200,550,3,FALSE,FALSE,,,,,
Juneteenth Oven,Juneteenth Donuts,1540,2600,650,5,FALSE,FALSE,,,,,
Kettle Oven,Tea Cookies,1220,1900,475,2,TRUE,TRUE,,,,Cookies,
Kettle Oven,Tea Sandwiches,1380,2200,550,3,TRUE,TRUE,,,,Savory,
Kettle Oven,Tea Cakes,1540,2600,650,5,TRUE,TRUE,,,,,
Khmer Oven,Khmer Sandwich,1220,1900,475,2,FALSE,FALSE,,,,,
Khmer Oven,Pumpkin Coconut Custard,1380,2200,550,3,FALSE,FALSE,,,,,
Khmer Oven,Cambodia Cake,1540,2600,650,5,FALSE,FALSE,,,,,
Khmer Stove,Num Chak Kachan,1220,1900,475,2,FALSE,FALSE,,,,,
Khmer Stove,Rice Balls In Coco Ginger Syrup,1600,2900,725,7,FALSE,FALSE,,,,,
Khmer Stove,Khmer Doughnuts,1640,3100,775,10,FALSE,FALSE,,,,,
Kingpin Oven,Kingpin Cookies,940,1750,350,1,FALSE,FALSE,,,,,Sports
Kingpin Oven,Kingpin Pop,1540,3250,650,5,FALSE,FALSE,,,,,
Kingpin Oven,Kingpin Cupcakes,1380,2750,550,3,FALSE,FALSE,,,,,
Kingpin Treat Machine,Gutterball Donut Holes,1380,2750,550,3,FALSE,FALSE,,,,,
Kingpin Treat Machine,The 7 10 Slit,1620,3750,750,8,FALSE,FALSE,,,,,
Kingpin Treat Machine,Kingpin Cake,1640,3875,775,9,FALSE,FALSE,,,,,
Kitchen Stove,Oatmeal Rasin Cookies,1220,1900,475,2,FALSE,FALSE,,,,,
Kitchen Stove,English Muffin,1600,2900,725,7,FALSE,FALSE,,,,,
Kitchen Stove,Buttermilk Biscuit,1620,3000,750,8,FALSE,FALSE,,,,,
Kitschy Oven,TV Dinner,1220,1900,475,2,FALSE,FALSE,,,,Savory,Tray|ooglay
Kitschy Oven,Mini Upside Down Cakes,1600,2900,725,7,FALSE,FALSE,,,,,
Kitschy Oven,Pink Mousse,1640,3100,775,10,FALSE,FALSE,,,,,
Koi Pond Oven,Koi Pond Cookies,1220,1900,475,2,TRUE,FALSE,Blue,,,Cookies,
Koi Pond Oven,Koi Pond Cupcake,1380,2200,550,3,TRUE,FALSE,Blue,,,Cupcakes,
Koi Pond Oven,Koi Pond Cake,1540,2600,650,5,TRUE,FALSE,Blue,,,Single Layer Cakes,
Ladoo Oven,Nariyal Laddo,1600,3625,725,7,FALSE,FALSE,,,,,
Ladoo Oven,Ragi Ladoo,1540,3250,650,5,FALSE,FALSE,,,,,
Ladoo Oven,Boondi Ke Ladoo,1620,3750,750,8,FALSE,FALSE,,,,,
Lamp Oven,Milk Cake,940,1750,350,1,TRUE,FALSE,Orange,Halloween,Fall,Single Layer Cakes,ooglay
Lamp Oven,Gulab Jamun,1540,3250,650,5,FALSE,FALSE,,,,,
Lamp Oven,Kaju Katli,1220,2375,475,2,FALSE,FALSE,,,,,
Laughter Oven,Nacho Cupcakes,1220,1900,475,2,FALSE,FALSE,,,,,
Laughter Oven,Faux Burger,1380,2200,550,3,FALSE,FALSE,,,,,
Laughter Oven,Steak Cake,1540,2600,650,5,FALSE,FALSE,,,,,
Leprechaun Luck Oven,Shamrock Roll Cake,1220,1900,475,2,FALSE,FALSE,,,,,
Leprechaun Luck Oven,Leprechaun Trap Cake,1600,2900,725,7,FALSE,FALSE,,,,,
Leprechaun Luck Oven,Leprechaun Hat Cake,1640,3100,775,10,FALSE,FALSE,,,,,
Lilac Speckled Oven,Speckle Choco Eggs,1220,1900,475,2,FALSE,FALSE,,,,,
Lilac Speckled Oven,Speckled Macarons,1600,2900,725,7,FALSE,FALSE,,,,Macarons,
Lilac Speckled Oven,Speckled Egg Fudge,1640,3100,775,10,FALSE,FALSE,,,,,
Loaf Oven,Marble Loaf,1220,1900,475,2,TRUE,TRUE,,,,Breads,
Loaf Oven,Pumpkin Loaf,1380,2200,550,3,TRUE,TRUE,,,,Breads,
Loaf Oven,Lemon Loaf,1540,2600,650,5,TRUE,TRUE,,,,Breads,
London Oven,Brandy Snaps,1220,1900,475,2,FALSE,FALSE,,,,,
London Oven,Peach Melba,1380,2200,550,3,FALSE,FALSE,,,,,
London Oven,Knickerboxker Glory,1540,2600,650,5,FALSE,FALSE,,,,,
Lorettas Oven,Blossoming Flower Cake,1220,1900,475,2,FALSE,FALSE,,,,,
Lorettas Oven,King Cake,1220,1900,475,2,FALSE,FALSE,,,,,
Lorettas Oven,Classic Heart Cake,1220,1900,475,2,FALSE,FALSE,,,,,
Lorettas Oven,Cassata Siciliana,1220,1900,475,2,FALSE,FALSE,,,,,
Lorettas Oven,Raspberry Macaron Cake,1220,1900,475,2,FALSE,FALSE,,,,,
Lorettas Oven,Tiger Cake,1220,1900,475,2,FALSE,FALSE,,,,,
Lorettas Oven,Rainbow Tiger Cake,1220,1900,475,2,FALSE,FALSE,,,,,
Lorettas Oven,Pastel Gingerbread House,1220,1900,475,2,FALSE,FALSE,,,,,
Lorettas Oven,Gold Coin Cake,1220,1900,475,2,FALSE,FALSE,,,,,
Lorettas Oven,Pink Champagne Cake,1220,1900,475,2,FALSE,FALSE,,,,,
Lorettas Oven,Swedish Princess Cake,1220,1900,475,2,FALSE,FALSE,,,,,
Lorettas Oven,Coffee Cream Cake,1220,1900,475,2,FALSE,FALSE,,,,,
Lorettas Oven,Monster Cake,1220,1900,475,2,FALSE,FALSE,,,,,
Lorettas Oven,Unicorn Cake,1220,1900,475,2,TRUE,FALSE,Pink,,,Multi Layer Cakes,
Lorettas Oven,Lamb Cake,1220,1900,475,2,FALSE,FALSE,,,,,
Lorettas Oven,Galaxy Mirror Cake,1220,1900,475,2,FALSE,FALSE,,,,,
Lorettas Oven,Cow Cake,1220,1900,475,2,FALSE,FALSE,,,,,
Lorettas Oven,Milk and Cereal Cake,1220,1900,475,2,FALSE,FALSE,,,,,
Lorettas Oven,Teapot Cake,1220,1900,475,2,FALSE,FALSE,,,,,
Lorettas Oven,Shell Wedding Cake,1220,1900,475,2,FALSE,FALSE,,,,,
Lorettas Oven,Pastel Tier Cake,1220,1900,475,2,FALSE,FALSE,,,,,
Lorettas Oven,Confetti Cake,1220,1900,475,2,FALSE,FALSE,,,,,
Lorettas Oven,Topsy Layer Cake,1220,1900,475,2,FALSE,FALSE,,,,,
Lorettas Oven,Elegant Column Cake,1220,1900,475,2,FALSE,FALSE,,,,,
Lorettas Oven,Plant Cake,1220,1900,475,2,FALSE,FALSE,,,,,
Lorettas Oven,Melting Popsicle Cake,1220,1900,475,2,FALSE,FALSE,,,,,
Lorettas Oven,Aster Tiered Cake,1220,1900,475,2,FALSE,FALSE,,,,,
Lorettas Oven,Grapevine Cake,1220,1900,475,2,FALSE,FALSE,,,,,
Lorettas Oven,Moon Cake,1220,1900,475,2,FALSE,FALSE,,,,,
Lorettas Oven,Haunted House Cake,1220,1900,475,2,FALSE,FALSE,,,,,
Lorettas Oven,Pumpkin Cake,1220,1900,475,2,FALSE,FALSE,,,,,
Lorettas Oven,Turquoise Tier Cake,1220,1900,475,2,FALSE,FALSE,,,,,
Lorettas Oven,Red Velvet Peppermint Cake,1220,1900,475,2,FALSE,FALSE,,,,,
Lorettas Oven,Rustic Holiday Tier Cake,1220,1900,475,2,FALSE,FALSE,,,,,
Lorettas Oven,Leftover Turkey Pot Pie,1220,1900,475,2,FALSE,FALSE,,,,,
Lorettas Oven,Swedish Tier Cake,1220,1900,475,2,FALSE,FALSE,,,,,
Lorettas Oven,Dragon Cake,1220,1900,475,2,FALSE,FALSE,,,,,
Lorettas Oven,Chocolate Charcuterie,1220,1900,475,2,FALSE,FALSE,,,,,
Lorettas Oven,Pillow Moon Cake,1220,1900,475,2,FALSE,FALSE,,,,,
Lorettas Oven,Clover Tier Cake,1220,1900,475,2,FALSE,FALSE,,,,,
Lorettas Oven,Easter Basket Cake,1220,1900,475,2,FALSE,FALSE,,,,,
Lorettas Oven,Giant Bagel Cake,1220,1900,475,2,FALSE,FALSE,,,,,
Lorettas Oven,Spring Forest Cake,1220,1900,475,2,FALSE,FALSE,,,,,
Lorettas Oven,Message in a Bottle Cake,1220,1900,475,2,FALSE,FALSE,,,,,
Lorettas Oven,Sakura Lantern Cake,1220,1900,475,2,FALSE,FALSE,,,,,
Lorettas Oven,Frozen Coffee Cake,1220,1900,475,2,FALSE,FALSE,,,,,
Lorettas Oven,Juneteenth Cake,1220,1900,475,2,FALSE,FALSE,,,,,
Lorettas Oven,Purrfect Dessert,1220,1900,475,2,FALSE,FALSE,,,,,
Lorettas Oven,Dolphin Cake,1220,1900,475,2,FALSE,FALSE,,,,,
Lorettas Oven,Caramel Popcorn Cake,1220,1900,475,2,FALSE,FALSE,,,,,
Lorettas Oven,Hot Pepper Cake,1220,1900,475,2,FALSE,FALSE,,,,,
Lorettas Oven,Pond Tier Cake,1220,1900,475,2,FALSE,FALSE,,,,,
Lorettas Oven,Khmer Wedding Cake,1220,1900,475,2,FALSE,FALSE,,,,,
Lorettas Oven,Purple Peacock Tier Cake,1220,1900,475,2,FALSE,FALSE,,,,,
Lorettas Oven,Underworld Cupcake,1220,1900,475,2,FALSE,FALSE,,,,,
Lorettas Oven,Pink Pumpkin Tier Cake,1220,1900,475,2,FALSE,FALSE,,,,,
Lorettas Oven,Los Muerte Cake,1220,1900,475,2,FALSE,FALSE,,,,,
Lorettas Oven,Crafters Basket Cake,1220,1900,475,2,FALSE,FALSE,,,,,
Lorettas Oven,Citrusmas Wedding Cake,1220,1900,475,2,FALSE,FALSE,,,,,
Lorettas Oven,Santa Head Cake,1220,1900,475,2,FALSE,FALSE,,,,,
Lorettas Oven,Emerald City Cake,1220,1900,475,2,FALSE,FALSE,,,,,
Lorettas Oven,Chinese Tier Cake,1220,1900,475,2,FALSE,FALSE,,,,,
Lorettas Oven,Dogwood Wedding Cake,1220,1900,475,2,FALSE,FALSE,,,,,
Lorettas Oven,Candy Heart Decorated Cake,1220,1900,475,2,FALSE,FALSE,,,,,
Lorettas Oven,Sword In Cake,1220,1900,475,2,FALSE,FALSE,,,,,
Lorettas Oven,Sphinx Cake,1220,1900,475,2,FALSE,FALSE,,,,,
Lorettas Oven,Peek Egg,1220,1900,475,2,FALSE,FALSE,,,,,
Lorettas Oven,Sakura Wedding Cake,1220,1900,475,2,FALSE,FALSE,,,,,
Lorettas Oven,Crystal Tier Cake,1220,1900,475,2,TRUE,FALSE,Green,,,Multi Layer Cakes,
Lorettas Oven,Frog Cake,1220,1900,475,2,FALSE,FALSE,,,,,
Lorettas Oven,Record Player Cake,1220,1900,475,2,FALSE,FALSE,,,,,
Lorettas Oven,Peony Cookies,1220,1900,475,2,FALSE,FALSE,,,,,
Lorettas Oven,Carousel Cake,1220,1900,475,2,FALSE,FALSE,,,,,
Lorettas Oven,Chia Coconut Pudding,1220,1900,475,2,FALSE,FALSE,,,,,
Lounge Stove,High Society Cake,1220,1900,475,2,FALSE,FALSE,,,,,
Lounge Stove,King Croissant,1600,2900,725,7,FALSE,FALSE,,,,,
Lounge Stove,Mint Chocolate Truffles,1640,3100,775,10,FALSE,FALSE,,,,,
Love Letter Oven,Love Letter Cupcake,1220,1900,475,2,FALSE,FALSE,,,,,
Love Letter Oven,Bear Cupcakes,1380,2200,550,3,FALSE,FALSE,,,,,
Love Letter Oven,Cupcake Bouquet,1540,2600,650,5,FALSE,FALSE,,,,,
Loven,Chocolate Roses,940,1400,350,1,FALSE,FALSE,,,,Cake Pops,
Loven,Perfect Match Cookies,1380,2200,550,3,FALSE,FALSE,,,,,
Loven,Time for Love Cake,1540,2600,650,5,FALSE,FALSE,,,,,
Lovers Passport Oven,Londeon Tea Scones,1380,2200,550,3,FALSE,FALSE,,,,,
Lovers Passport Oven,Parisian Heart Macarons,1220,1900,475,2,TRUE,TRUE,Pink,,,Macarons,Places
Lovers Passport Oven,Spanish Churro Hearts,1540,2600,650,5,FALSE,FALSE,,,,,
Lucky Gold Oven,Shamrock Soda Bread,1220,1900,475,2,TRUE,TRUE,,,,,
Lucky Gold Oven,Rainbow Refreshment,1380,2200,550,3,TRUE,TRUE,,,,,
Lucky Gold Oven,Pot O' Golded Cake,1540,2600,650,5,TRUE,TRUE,,,,,
Lucky Oven,Pot of Gold Cupcakes,2100,3900,975,8,FALSE,FALSE,,,,,
Lucky Oven,Clover Cookies,1160,2000,500,3,FALSE,FALSE,,,,,
Lucky Oven,Marshmallow Pops,560,1000,250,1,FALSE,FALSE,,,,,
Lucky Oven,Emerald Punch,1180,2250,450,1,FALSE,FALSE,,,,,
Lucky Oven,Shamrock Cupcake,1740,3500,700,3,FALSE,FALSE,,,,,
Lucky Oven,Lucky Cakes,2040,4625,925,8,FALSE,FALSE,,,,,
Lunar New Year Drink Mixer,Orange Blossom Fizzies,1220,1900,475,2,FALSE,FALSE,,,,,
Lunar New Year Drink Mixer,Sakura Lychee Fizzies,1600,2900,725,7,FALSE,FALSE,,,,,
Lunar New Year Drink Mixer,Firecracker Fizzies,1640,3100,775,10,FALSE,FALSE,,,,,
Lunar New Year Oven,Lunar New Year Sugar Cookies,1220,1900,475,2,TRUE,FALSE,,,,Cookies,
Lunar New Year Oven,Lunar New Year Cupcakes,1380,2200,550,3,FALSE,FALSE,,,,,
Lunar New Year Oven,Lunar New Year Cake,1540,2600,650,5,FALSE,FALSE,,,,,
Lunar Oven,Prosperity Cake,940,1400,350,1,TRUE,TRUE,,,,,
Lunar Oven,Bananas in Coconut Milk,940,1400,350,1,TRUE,TRUE,,,,Cold Drinks,
Lunar Oven,Banana Tart,940,1400,350,1,TRUE,TRUE,,,,Tarts,
Lunar Oven,Jackfruit Sticky Rice,940,1400,350,1,TRUE,TRUE,Green,,,,
Lunar Oven,Steamed Sponge Cake,940,1400,350,1,TRUE,TRUE,,,,,
Lunar Oven,Almond Biscuit,2440,4100,1025,4,TRUE,TRUE,,,,Breads,
Lunar Oven,Banana Roll,2980,5200,1300,6,TRUE,TRUE,,,,,
Lunar Oven,Lunar Cake,3440,6300,1575,8,TRUE,TRUE,,,,,
Lunar Oven,Fried Banana Spring Rolls,1380,2200,550,3,FALSE,FALSE,,,,,
Lunar Oven,Tropical Banana Bread,1620,3000,750,8,FALSE,FALSE,,,,,
Lunar Oven,Jackfruit Sago Pudding,1380,2200,550,3,FALSE,FALSE,,,,,
Lunar Oven,Jackfruit Sorbet,1620,3000,750,8,FALSE,FALSE,,,,,
Lunar Oven,Lucy Koi Jellies,1380,2200,550,3,FALSE,FALSE,,,,,
Lunar Oven,Korean Tea Cookies,1620,3000,750,8,FALSE,FALSE,,,,,
Lunar Oven,Rabbit Rice Ball,1380,2200,550,3,FALSE,FALSE,,,,,
Lunar Oven,New Year Layer Cake,1620,3000,750,8,FALSE,FALSE,,,,,
Lunar Oven,Fig Tart,1380,2200,550,3,FALSE,FALSE,,,,,
Lunar Oven,Kawaii Egg Tarts,1620,3000,750,8,FALSE,FALSE,,,,,
Lunar Oven,New Year Cake,1880,4125,825,6,FALSE,FALSE,,,,,
Lunar Oven,Turnip Cake,1760,725,3625,4,FALSE,FALSE,,,,,
Lunar Oven,Custard Tart,1940,4500,900,8,FALSE,FALSE,,,,,
Lunar Oven,Lunar Turkish Delight,940,1400,350,1,FALSE,FALSE,,,,,
Luxury Oven,Deco Cookies,1220,1900,475,2,FALSE,FALSE,,,,,
Luxury Oven,Sharp Cake,1380,2200,550,3,FALSE,FALSE,,,,,
Luxury Oven,Luxurious Cupcake,1540,2600,650,5,FALSE,FALSE,,,,,
Mad Lab Machine,Potion Bottle Flight,1220,1900,475,2,TRUE,TRUE,,,,,
Mad Lab Machine,Glowing Potion,1600,2900,725,7,TRUE,TRUE,,,,,
Mad Lab Machine,Bubbling Potion,1640,3100,775,10,TRUE,TRUE,,,,,
Mardi Gras Oven,Gator Cookies,1220,1900,475,2,FALSE,FALSE,,,,,
Mardi Gras Oven,Flamingo Cake Pops,1380,2200,550,3,FALSE,FALSE,,,,,
Mardi Gras Oven,Crawfish Boil Cookies,1540,2600,650,5,FALSE,FALSE,,,,,
Marigold Muerte Oven,Marigold Flan,1220,1900,475,2,FALSE,FALSE,,,,,
Marigold Muerte Oven,Marigold Muerte Pie,1380,2200,550,3,FALSE,FALSE,,,,,
Marigold Muerte Oven,Marigold Y Crema Pan,1540,2600,650,5,FALSE,FALSE,,,,,
Marigold Muerte Stove,Cempasuchil Atole,1220,1900,475,2,FALSE,FALSE,,,,,
Marigold Muerte Stove,The Marigold Muerte,1600,2900,725,7,FALSE,FALSE,,,,,
Marigold Muerte Stove,Marigold Pulques,1640,3100,775,10,FALSE,FALSE,,,,,
Marzipan Oven,Pumpkin Pie Tamale,940,1400,350,1,TRUE,TRUE,,,Fall,Pastries,
Marzipan Oven,Marzipan Egg,1380,2200,550,3,TRUE,TRUE,Pink,Easter,,Candies/Sweets,
Marzipan Oven,Present Cake,940,1400,350,1,TRUE,TRUE,Green,Christmas,,Single Layer Cakes,
Marzipan Oven,Marzipan Bunny,1620,3000,750,8,TRUE,TRUE,Yellow,Easter,,Candies/Sweets,
Marzipan Oven,Marzipan Piglet,940,1400,350,1,TRUE,TRUE,Pink,,,Candies/Sweets,
Marzipan Oven,Marzipan,1480,2300,575,2,TRUE,TRUE,Rainbow,Christmas,Winter,Candies/Sweets,
Marzipan Oven,Present Decorated Cake,1380,2200,550,3,FALSE,FALSE,,,,,
Marzipan Oven,Present Pile Cake,1620,3000,750,8,FALSE,FALSE,,,,,
Marzipan Oven,Pumpkin Empanadas,1380,2200,550,3,FALSE,FALSE,,,,,
Marzipan Oven,Chestnut Maple Leaf Brioche,950,1400,350,1,TRUE,FALSE,,,,,
Marzipan Oven,Candied Pumpkin,1620,3000,750,8,FALSE,FALSE,,,,,
Masquerade Stove,Strawberry Cruch Cake,1220,1900,475,2,FALSE,FALSE,,,,,
Masquerade Stove,Doberge Cake,1600,2900,725,7,FALSE,FALSE,,,,,
Masquerade Stove,Masquerade Cake,1640,3100,775,10,FALSE,FALSE,,,,,
Mayflower Maker,Pilgrim Pastries,2380,4000,1000,4,TRUE,FALSE,Brown,,Fall,Pastries,
Mayflower Maker,Lattice Leaf Pie,940,1400,350,1,TRUE,FALSE,Tan,,Fall,Pies,
Mayflower Maker,Plymouth Rocky Road,2900,5100,1275,6,TRUE,FALSE,Brown,,Fall,Ice Creams,
Mayflower Maker,Turkey Top Pie,1380,2200,550,3,TRUE,FALSE,Tan,,Fall,Pies,
Mayflower Maker,Mayflower Mousse,3360,6200,1550,8,TRUE,FALSE,,,Fall,Puddings/Parfaits,
Mayflower Maker,Pumpkin Crust Pie,1620,3000,750,8,FALSE,FALSE,,,,,
Mediterranean Stove,Honey Pistachio Stack,1220,1900,475,2,FALSE,FALSE,,,,,
Mediterranean Stove,Shoreline Pears,1600,2900,725,7,FALSE,FALSE,,,,,
Mediterranean Stove,Strawberry Tiramisu,1640,3100,775,10,FALSE,FALSE,,,,,
Mediterroven,Hazespresso Bars,940,1400,350,1,TRUE,TRUE,,,,Candies/Sweets,
Mediterroven,Pistachio Baklava,940,1400,350,1,TRUE,TRUE,,,,,
Mediterroven,Greek Donuts,880,1400,350,1,TRUE,TRUE,,,,Donuts,
Mediterroven,Easter Bread,1240,2000,500,2,TRUE,TRUE,,,,,
Mediterroven,Mosakio,1520,2500,625,3,TRUE,TRUE,,,,,
Mediterroven,Chocolate Loukoumades,1380,2200,550,3,FALSE,FALSE,,,,,
Mediterroven,Greek Sunset Cake,1620,3000,750,8,FALSE,FALSE,,,,,
Mediterroven,Hazelmousse,1380,2200,550,3,FALSE,FALSE,,,,,
Mediterroven,Hazelnut Mille Feuille,1620,3000,750,8,FALSE,FALSE,,,,,
Melon Chiller,Melon Sundae,1220,1900,475,2,FALSE,FALSE,,,,,
Melon Chiller,Melon Salad,1600,2900,725,7,FALSE,FALSE,,,,,
Melon Chiller,Melon Bingsu,1640,3100,775,10,FALSE,FALSE,,,,,
Melon Oven,Cantaloupe Cheesecake,1220,1900,475,2,FALSE,FALSE,,,,,
Melon Oven,Honeydew Pan,1380,2200,550,3,FALSE,FALSE,,,,,
Melon Oven,Watermelon Cookies,1540,2600,650,5,FALSE,FALSE,,,,,
Miami Drink Mixer,Miami Smoothie,1220,1900,475,2,FALSE,FALSE,,,,,
Miami Drink Mixer,Miami Beach Bubbles,1600,2900,725,7,FALSE,FALSE,,,,,
Miami Drink Mixer,Miami Sippers,1640,3100,775,10,FALSE,FALSE,,,,,
Miami Oven,Miami Cookies,1220,1900,475,2,FALSE,FALSE,,,,,
Miami Oven,Miami Cupcake,1380,2200,550,3,FALSE,FALSE,,,,,
Miami Oven,Miami Cake,1540,2600,650,5,FALSE,FALSE,,,,,
Micro Door Oven,Mini Berry Strudel,1220,1900,475,2,FALSE,FALSE,,,,,
Micro Door Oven,Tiny Caramel Tart,1380,2200,550,3,FALSE,FALSE,,,,,
Micro Door Oven,Hand Sized Pie,1540,2600,650,5,FALSE,FALSE,,,,,
Mini Heater Stove,Petite Cake,1220,1900,475,2,FALSE,FALSE,,,,,
Mini Heater Stove,Micro Mousse,1600,2900,725,7,FALSE,FALSE,,,,,
Mini Heater Stove,Mini Mint Cake,1640,3100,775,10,FALSE,TRUE,,,,,
Monster Oven,Silhouette Cake,1220,1900,475,2,TRUE,TRUE,,,,,
Monster Oven,Ghost Meringue,1600,2900,725,7,TRUE,TRUE,,,,,
Monster Oven,Gothic Cake,1640,3100,775,10,TRUE,TRUE,,,,,
Moon Festival Fountain,Yunnan Coffee,2020,3400,850,4,TRUE,FALSE,,,,Coffees,
Moon Festival Fountain,Jade Tea,2260,3900,975,5,TRUE,FALSE,,,,Hot Teas,
Moon Festival Fountain,Moon Flower Tea,2680,4800,1200,7,TRUE,FALSE,,,Fall,Hot Teas,
Moon Festival Oven,Jade Pastry,1020,1600,400,1,TRUE,FALSE,Green,,,Pastries,
Moon Festival Oven,Pineapple Tart,1440,2300,575,2,TRUE,,,,,Tarts,
Moon Festival Oven,Moon Cake,2020,3400,850,4,TRUE,FALSE,,,,,
Morning Mixer,Baked Egg Potatoes,1220,2375,475,2,TRUE,TRUE,,,,,
Morning Mixer,Spicy Tomato Juice,1600,3625,725,7,TRUE,TRUE,,,,,
Morning Mixer,Electrolyte Drink,1640,3875,775,10,TRUE,TRUE,,,,Cold Drinks,
Morning Oven,Chilaquiles,940,1750,350,1,TRUE,TRUE,,,,,
Morning Oven,Churros and Coffee,1580,3500,700,6,TRUE,TRUE,,,,,
Morning Oven,Khachapuri,1380,2750,550,3,TRUE,TRUE,,,,,
Mother Goose Stove,Porridge Please,1220,1900,475,2,FALSE,FALSE,,,,,
Mother Goose Stove,Pickled Pepper Bread,1380,2200,550,3,FALSE,FALSE,,,,,
Mother Goose Stove,Curds and Whey,1540,2600,650,5,FALSE,FALSE,,,,,
Motherly Oven,Candied Flowers,940,1400,350,1,TRUE,TRUE,,,,Candies/Sweets,
Motherly Oven,Easter Basket Cupcakes,940,1400,350,1,TRUE,FALSE,,,,Cupcakes,
Motherly Oven,Cookie Assortment Tin,940,1400,350,1,TRUE,FALSE,Pink,,,Cookies,
Motherly Oven,Butterscotch Blondie,940,1400,350,1,TRUE,FALSE,,,,Brownies,
Motherly Oven,Coconut Layer Cake,2100,3900,975,8,TRUE,TRUE,White,,,Single Layer Cakes,
Motherly Oven,Baked Alaska,2100,3900,975,8,TRUE,FALSE,,,,Pastries,
Motherly Oven,S&W Eclairs,2100,3900,975,8,TRUE,FALSE,,,,Pastries,
Motherly Oven,Mom's Blueberry Pie,2100,3900,975,8,FALSE,FALSE,,,,,
Motherly Oven,Pineapple Upside Down Cake,2100,3900,975,8,FALSE,FALSE,,,,,
Motherly Oven,Classic Lemon Tart,2100,3900,975,8,FALSE,FALSE,,,,,
Motherly Oven,Lavender Cookies,940,1400,350,1,TRUE,TRUE,,,,,
Motherly Oven,Chili Brownies,1380,2200,550,3,FALSE,FALSE,,,,,
Motherly Oven,Heart Cookie Tin,1380,2200,550,3,FALSE,FALSE,,,,,
Motherly Oven,Chick Cupcakes,1380,2200,550,3,FALSE,FALSE,,,,,
Motherly Oven,Flower Truffles,1380,2200,550,3,FALSE,FALSE,,,,,
Motherly Oven,Chocolate Chip Blondie,1380,2200,550,3,FALSE,FALSE,,,,,
Motherly Oven,Beet Scones,1620,3000,750,8,FALSE,FALSE,,,,,
Motherly Oven,Cookie Mailbox,1620,3000,750,8,FALSE,FALSE,,,,,
Motherly Oven,Bunny Cupcakes,1620,3000,750,8,FALSE,FALSE,,,,,
Motherly Oven,Flower Lollipops,1620,3000,750,8,FALSE,FALSE,,,,,
Motherly Oven,Pecan Blondie,1620,3000,750,8,FALSE,FALSE,,,,,
Movie Night Oven,Frosted Cake Pops,3580,7200,1800,12,FALSE,FALSE,,,,,
Movie Night Oven,Cinnamon Pretzel,2660,4900,1225,8,FALSE,FALSE,,,,,
Movie Night Oven,Chocolate Raisins,2060,3400,850,4,FALSE,TRUE,,,,,
Mrs Claus Kettle Warmer,Poinsettia Kettle,1220,1900,475,2,FALSE,FALSE,,,,,
Mrs Claus Kettle Warmer,Snowman Kettle,1380,2200,550,3,FALSE,FALSE,,,,,
Mrs Claus Kettle Warmer,Tree Kettle,1540,2600,650,5,FALSE,FALSE,,,,,
Mrs Claus Oven,Christmas Candy Tiers,1220,1900,475,2,FALSE,FALSE,,,,,
Mrs Claus Oven,Christmas Sando Tiers,1600,2900,725,7,FALSE,FALSE,,,,,
Mrs Claus Oven,Christmas Cake Tier,1640,3100,775,10,FALSE,FALSE,,,,,
Museum Oven,Chocolate Marble Cake,940,1750,350,1,TRUE,FALSE,,,,Single Layer Cakes,
Museum Oven,Mint Marble Cake,1580,3500,700,6,FALSE,FALSE,,,,,
Museum Oven,Blueberry Marble Cake,1380,2750,550,3,FALSE,FALSE,,,,,
Musical Drink Machine,Music Frappe,1300,2100,525,2,FALSE,FALSE,,,,,
Musical Drink Machine,Disco Mocha,740,1100,275,1,FALSE,FALSE,Purple,,,Coffees,
Musical Drink Machine,Chicory Coffee,480,700,175,0.75,FALSE,FALSE,Brown,,,Coffees,Music
My Cupcake Oven,Loves Me Not,1440,2300,575,2,TRUE,FALSE,Pink,Valentine's Day,,,
My Cupcake Oven,Heart Baker Cupcake,1760,2900,725,3,TRUE,FALSE,,Valentine's Day,,,
My Cupcake Oven,Loves Me,1020,1600,400,1,TRUE,TRUE,,Valentine's Day,,,Fav
Mystical Oven,Moon Spell Cookies,1220,1900,475,2,TRUE,TRUE,,,,Cookies,
Mystical Oven,Crystal Cupcakes,1380,2200,550,3,TRUE,TRUE,,,,Cupcakes,
Mystical Oven,Grimoire Cake,1540,2600,650,5,TRUE,TRUE,,,,,
Mystical Stove,Mystical Tea,1220,1900,475,2,TRUE,TRUE,,,,Hot Teas,
Mystical Stove,Samhain Brew,1600,2900,725,7,TRUE,TRUE,,,,Cold Drinks,
Mystical Stove,Blue Flame Punch,1640,3100,775,10,TRUE,TRUE,,,,Cold Drinks,
Nebular Oven,Nebula Swirl Roll,1220,1900,475,2,TRUE,FALSE,Rainbow,,,Breads,Space
Nebular Oven,Comet Trail Eclairs,1380,2200,550,3,FALSE,FALSE,,,,Pastries,Space
Nebular Oven,Moonbite Cheesecakes,1540,2600,650,5,FALSE,FALSE,,,,Cupcakes,Space
New Dawn Dispenser,Sunrise Smoothie,1220,1900,475,2,TRUE,TRUE,,,,,
New Dawn Dispenser,Apricot Sorbet,1640,3100,775,10,TRUE,TRUE,,,,,
New Dawn Dispenser,Chocricots,1600,2900,725,7,TRUE,TRUE,,,,,
New Dawn Oven,Apritart,1220,1900,475,2,TRUE,TRUE,,,,,
New Dawn Oven,Sunshine Cake,1380,2200,550,3,TRUE,FALSE,,,,Multi Layer Cakes,
New Dawn Oven,Almond Sunshine,1540,2600,650,5,TRUE,TRUE,,,,,
Nona Oven,Anise Cookies,3260,5700,1425,6,TRUE,FALSE,,,,Cookies,
Nona Oven,Vintage Lemon Cake,940,1400,350,1,TRUE,TRUE,Yellow,,,Multi Layer Cakes,<3
Nona Oven,Pizzelles,3760,6900,1725,8,TRUE,FALSE,,,,Cookies,
Nona Oven,Tri-color Cookies,4600,9200,2300,12,TRUE,FALSE,,,,Cookies,
Nona Oven,Vintage Blueberry Cake,1380,2200,550,3,FALSE,FALSE,,,,,
Nona Oven,Vintage Cherry Cake,1620,3000,750,8,FALSE,FALSE,,,,,
North Polar Oven,Peppermint Brittle,940,1400,350,1,TRUE,TRUE,,Christmas,,Candies/Sweets,
North Polar Oven,Rudolph Donut,940,1400,350,1,TRUE,FALSE,,Christmas,,Donuts,
North Polar Oven,Santa Strawberries,2020,3500,875,5,TRUE,TRUE,,Christmas,,,
North Polar Oven,Candy Cane Cookies,2220,3900,975,6,TRUE,TRUE,,Christmas,,Cookies,
North Polar Oven,Polar Bear Pops,2400,4300,1075,7,TRUE,TRUE,,Christmas,,Cake Pops,
North Polar Oven,Pecan Brittle,1380,2200,550,3,FALSE,FALSE,,,,,
North Polar Oven,Gingerbread Brittle,1620,3000,750,8,FALSE,FALSE,,,,,
North Polar Oven,Elf Donuts,1380,2200,550,3,FALSE,FALSE,,,,,
North Polar Oven,Santa Donuts,1620,3000,750,8,FALSE,FALSE,,,,,
Northeastern Dispencer,Nice Pumpkin Latte,1220,1900,475,2,TRUE,TRUE,,,,Coffees,
Northeastern Dispencer,Turning Leaf Tea,1600,2900,725,7,TRUE,TRUE,Orange,,,Hot Teas,
Northeastern Dispencer,Connecticut Cider,1640,3100,775,10,TRUE,TRUE,,,,Cold Drinks,
Northeastern Oven,Chocoleaf Tart,1220,1900,475,2,TRUE,TRUE,,,,Tarts,
Northeastern Oven,Pumpkin Spice Donut,1380,2200,550,3,TRUE,TRUE,,,,Donuts,
Northeastern Oven,Turning Treats,1540,2600,650,5,TRUE,TRUE,,,,,
Nuptial Oven,Sparkling Cake,1220,1900,475,2,TRUE,TRUE,,,,,
Nuptial Oven,Hazelnut Roses,1380,2200,550,3,TRUE,TRUE,,,,,
Nuptial Oven,Loveshape Cookies,1540,2600,650,5,TRUE,TRUE,,,,Cookies,
Nursery Rhyme Oven,Well Water,1220,1900,475,2,FALSE,FALSE,,,,,
Nursery Rhyme Oven,White Bread and Butter,1600,2900,725,7,FALSE,FALSE,,,,,
Nursery Rhyme Oven,Over the Moon Pie,1640,3100,775,10,FALSE,TRUE,,,,,
Ocean Oven,Seashell Macarons,1220,1900,475,2,FALSE,FALSE,,,,Macarons,
Ocean Oven,Mermaid Tail Cupcakes,1380,2200,550,3,FALSE,FALSE,,,,,
Ocean Oven,Lobster Puffs,1540,2600,650,5,FALSE,FALSE,,,,,
Octob Oven,Candy Torte,2540,5000,1250,9,FALSE,FALSE,,,,,
Octob Oven,Candy Brownies,2320,4200,1050,7,FALSE,FALSE,,,,,
Octob Oven,Candy Pie,2160,3800,950,6,FALSE,FALSE,,,,,
Old Brick Oven,Bread Pudding,1780,2900,725,3,TRUE,FALSE,,,,Puddings/Parfaits,
Old Brick Oven,Banana Pudding,2480,4300,1075,6,TRUE,FALSE,,,,Puddings/Parfaits,
Old Brick Oven,Chocolate Pudding,3000,5600,1400,9,TRUE,FALSE,,,,Puddings/Parfaits,
Ominous Oven,Wicked Cupcake,1220,1900,475,2,FALSE,FALSE,,,,,
Ominous Oven,Mystery Meringues,1600,2900,725,7,FALSE,FALSE,,,,,
Ominous Oven,Brimstone Brownie,1640,3100,775,10,FALSE,FALSE,,,,,
Opalescent Machine,Opal Ice Cream,1380,2750,550,3,TRUE,FALSE,Purple,,,Ice Creams,
Opalescent Machine,Prismatic Sherbet,1540,3250,650,5,TRUE,FALSE,Purple,,,Ice Creams,
Opalescent Machine,Holographic Ice Cream,1640,3875,775,10,TRUE,FALSE,Purple,,,Ice Creams,
Orchid Oven,Sloissants,1220,1900,475,2,FALSE,FALSE,,,,,
Orchid Oven,Flower Tower Cake,1380,2200,550,3,FALSE,FALSE,,,,,
Orchid Oven,Tiger Tarts Cupcake,1540,2600,650,5,FALSE,FALSE,,,,,
Orchid Swirler,Orchidai Swirl,1220,1900,475,2,FALSE,FALSE,,,,,
Orchid Swirler,Floral Delight,1600,2900,725,7,FALSE,FALSE,,,,,
Orchid Swirler,Jungle Tea,1640,3100,775,10,FALSE,FALSE,,,,,
Outdoor Spring Oven,Rose Shortbread Cookies,1220,1900,475,2,TRUE,FALSE,,,,Cookies,
Outdoor Spring Oven,Floral Fruit Sando,1600,2900,725,7,FALSE,TRUE,,,,,
Outdoor Spring Oven,Flower Pudding Jelly,1640,3100,775,10,FALSE,FALSE,,,,,
Packaged Stove,Swirlcane Cookie,1220,1900,475,2,FALSE,FALSE,,,,,
Packaged Stove,Choco-Mint Balls,1600,2900,725,7,FALSE,TRUE,,,,,
Packaged Stove,Citrus Cracklers,1640,3100,775,10,FALSE,FALSE,,,,,
Palace Stove,Lumet il Adi Puffs,3620,6900,1725,10,FALSE,FALSE,,,,,
Palace Stove,Ma'amoul Cookies,3140,5800,1450,8,FALSE,FALSE,,,,,
Palace Stove,Kunafeh Pastry,2180,3600,900,4,FALSE,FALSE,,,,,
Paleta Chiller,Bubblegum Paletas,1220,1900,475,2,FALSE,FALSE,,,,,
Paleta Chiller,Watermelon Paletas,1600,2900,725,7,FALSE,FALSE,,,,,
Paleta Chiller,Rainbow Paletas,1640,3100,775,10,FALSE,FALSE,,,,,
Palm Flame Oven,Tropic Sunrise Donuts,1220,1900,475,2,TRUE,TRUE,,,,,
Palm Flame Oven,Hawaiian Cheese Bread,1600,2900,725,7,TRUE,TRUE,,,,,
Palm Flame Oven,Hibiscus Breeze Jelly,1640,3100,775,10,FALSE,FALSE,,,,,
Pampered Oven,Tea Biscuits,1220,1900,475,2,FALSE,FALSE,,,,,
Pampered Oven,Peach Passion Cake,1380,2200,550,3,FALSE,TRUE,,,,,
Pampered Oven,Honey Lavender Perfection,1540,2600,650,5,FALSE,FALSE,,,,,
Pampered Range,Berry Cheesecake Cup,1220,1900,475,2,FALSE,FALSE,,,,,
Pampered Range,Key Lime Mousse,1600,2900,725,7,FALSE,FALSE,,,,,
Pampered Range,Decadent Chocolate Pie,1640,3100,775,10,FALSE,FALSE,,,,,
Pancake Griddle,Chocolate Flat Croissant,940,1400,350,1,TRUE,TRUE,,,,Breads,
Pancake Griddle,Animal Pancakes,940,1400,350,1,TRUE,TRUE,,,,Pancakes,
Pancake Griddle,Lemonder Snaps,940,1400,350,1,TRUE,TRUE,,,,,
Pancake Griddle,Brunch Waffle Sammie,940,1400,350,1,TRUE,TRUE,,,,,
Pancake Griddle,Purple Potato Latkes,940,1400,350,1,TRUE,TRUE,,,,,
Pancake Griddle,Spanakopita,940,1400,350,1,TRUE,TRUE,,,,,
Pancake Griddle,Chocolate Mille Crepe,940,1400,350,1,TRUE,TRUE,Brown,,,Single Layer Cakes,
Pancake Griddle,Banana Pancakes,3380,6300,1575,9,TRUE,TRUE,,,,Pancakes,
Pancake Griddle,Chocolate Chip Pancakes,3980,7000,1750,6,TRUE,TRUE,,,,Pancakes,
Pancake Griddle,Red Velvet Pancakes,6840,14300,3575,14,TRUE,TRUE,Red,,,Pancakes,
Pancake Griddle,Cheddar Chive Scone,1380,2200,550,3,FALSE,FALSE,,,,,
Pancake Griddle,Buttermilk Biscuit,1620,3000,750,8,FALSE,FALSE,,,,,
Pancake Griddle,Lavender Toasties,1380,2200,550,3,FALSE,FALSE,,,,,
Pancake Griddle,Honey Lavender Macarons,1620,3000,750,8,FALSE,FALSE,,,,Macarons,
Pancake Griddle,Matzoh Crack,1380,2200,550,3,FALSE,FALSE,,,,,
Pancake Griddle,Latke Funnel Cake,1620,3000,750,8,FALSE,FALSE,,,,,
Pancake Griddle,Chicken Waffle Sammie,1380,2200,550,3,FALSE,FALSE,,,,,
Pancake Griddle,Dessert Waffle Sammie,1620,3000,750,8,FALSE,FALSE,,,,,
Pancake Griddle,Flat Lemon Croissant,1380,2200,550,3,FALSE,FALSE,,,,,
Pancake Griddle,Strawberry Flat Croissant,1620,3000,750,8,FALSE,FALSE,,,,,
Pancake Griddle,Rainbow Mille Crepe,1380,2200,550,3,FALSE,FALSE,,,,,
Pancake Griddle,Strawberry Mille Crepe,1620,3000,750,8,FALSE,FALSE,,,,,
Pancake Griddle,Pancake Bears,1380,2200,550,3,FALSE,FALSE,,,,,
Pancake Griddle,Breakfast Car,1620,3000,750,8,FALSE,FALSE,,,,,
Pansy Oven,Pansy Shortbread,1220,1900,475,2,TRUE,FALSE,,,,Breads,
Pansy Oven,Mum Cupcakes,1380,2200,550,3,TRUE,FALSE,,,,Cupcakes,
Pansy Oven,Mini Rose Cakes,1540,2600,650,5,TRUE,FALSE,,,,,
Parade Cotton Candy Maker,Pink Cotton Candy,1220,2375,475,2,TRUE,TRUE,,,,,
Parade Cotton Candy Maker,Blue Cotton Candy,1480,3125,625,4,TRUE,TRUE,,,,,
Parade Cotton Candy Maker,Parade Cotton Candy,1540,3250,650,5,TRUE,TRUE,,,,,
Parade Fountain,Confetti Float,1220,2375,475,2,TRUE,TRUE,,,,,
Parade Fountain,Balloon Float,1600,3625,725,7,TRUE,TRUE,,,,,
Parade Fountain,Band Float,1640,3875,775,9,TRUE,TRUE,,,,,
Paradise Oven,Malasadas,1220,1900,475,2,FALSE,FALSE,,,,,
Paradise Oven,Butter Mochi,1380,2200,550,3,FALSE,FALSE,,,,,
Paradise Oven,Chocolate Haupia,1540,2600,650,5,FALSE,FALSE,,,,,
Parfait Potion,Haunted Parfait,2360,4400,1100,9,FALSE,FALSE,,,,,
Parfait Potion,Candy Corn Parfait,2080,3700,925,7,FALSE,FALSE,,,,,
Parfait Potion,Pumpkin Parfait,1760,3000,750,5,FALSE,FALSE,,,,,
Pastel Dispenser,Pastelipop,1220,1900,475,2,TRUE,TRUE,Rainbow,,,,
Pastel Dispenser,Pastelicious Drink,1600,2900,725,7,TRUE,TRUE,Rainbow,,,,
Pastel Dispenser,Charming Cocoa,1640,3100,775,10,TRUE,TRUE,Rainbow,,,,
Pastel Holiday Fountain,Snowflake Cocoa,1220,1900,475,2,TRUE,FALSE,Pink,,Winter,,
Pastel Holiday Fountain,Snowman Cocoa,1380,2200,550,3,TRUE,FALSE,,,Winter,,
Pastel Holiday Fountain,Gingerbread Man,1540,2600,650,5,FALSE,FALSE,,,,,
Pastel Holiday Oven,Pastel Snowflake Cookies,1220,1900,475,2,FALSE,FALSE,,,,,
Pastel Holiday Oven,Pastel Stocking Cookies,1600,2900,725,7,FALSE,FALSE,,,,,
Pastel Holiday Oven,Pastel Tree Cookies,1640,3100,775,10,FALSE,FALSE,,,,,
Pastel Oven,Praztels,1220,1900,475,2,TRUE,TRUE,,,,Candies/Sweets,
Pastel Oven,Pop-Candy Cone,1380,2200,550,3,TRUE,TRUE,,,,,
Pastel Oven,Unicake,1540,2600,650,5,TRUE,TRUE,,,,,
Pastry Cart,Bombolini,1760,3100,775,6,FALSE,FALSE,,,,,
Pastry Cart,Tiramisu,1440,2400,600,4,FALSE,FALSE,,,,,
Pastry Cart,Cannoli Cups,1020,1600,400,2,FALSE,FALSE,,,,,
Patisserie Oven,Chocolate Souffle,3980,8000,2000,12,FALSE,FALSE,,,,,
Patisserie Oven,Creme Brulee,3240,5900,1475,8,FALSE,FALSE,,,,,
Patisserie Oven,Profiterole,2520,4400,1100,6,FALSE,FALSE,,,,,
Patriotic Oven,Patriotic Pretzels,1220,1900,475,2,FALSE,FALSE,,,,,
Patriotic Oven,Remembrance Roll,1380,2200,550,3,FALSE,FALSE,,,,,
Patriotic Oven,Blue Bite Berries,1540,2600,650,5,FALSE,FALSE,,,,,
Patriotic Stove,Wonderful Wafers,1220,1900,475,2,FALSE,FALSE,,,,,
Patriotic Stove,Summer Stack,1600,2900,725,7,FALSE,TRUE,,,,,
Patriotic Stove,Jelly Bites,1640,3100,775,10,FALSE,FALSE,,,,,
Peachy Mixer,Peachie Smoothie,1220,1900,475,2,FALSE,TRUE,,,,,
Peachy Mixer,Nectarade,1600,2900,725,7,FALSE,FALSE,,,,,
Peachy Mixer,Chai Peach Latte,1640,3100,775,10,FALSE,FALSE,,,,,
Peachy Oven,Pleasant Peach Pie,1220,1900,475,2,FALSE,FALSE,,,,,
Peachy Oven,Nectroissant,1380,2200,550,3,FALSE,FALSE,,,,,
Peachy Oven,James' Giant Tart,1540,2600,650,5,FALSE,FALSE,,,,,
Peacock Oven,Peacock Oven,1220,1900,475,2,FALSE,FALSE,,,,,
Peacock Oven,Peacock Feather Cupcakes,1380,2200,550,3,FALSE,FALSE,,,,,
Peacock Oven,Peacock Cakes,1540,2600,650,5,FALSE,FALSE,,,,,
Peacock Sweets Machine,Peacock Lollipops,1220,1900,475,2,FALSE,FALSE,,,,,
Peacock Sweets Machine,Peacock Candy Cups,1600,2900,725,7,FALSE,FALSE,,,,,
Peacock Sweets Machine,Peacock Pudding,1640,3100,775,10,FALSE,FALSE,,,,,
Pearlescent Baker,Pearlescent Pastries,1220,1900,475,2,FALSE,FALSE,,,,,
Pearlescent Baker,Pearl Silk Cake,1380,2200,550,3,FALSE,FALSE,,,,,
Pearlescent Baker,Pearl Shells,1540,2600,650,5,FALSE,FALSE,,,,,
Pearlescent Mixer,Pearl Tea,1220,1900,475,2,FALSE,FALSE,,,,,
Pearlescent Mixer,Pearl Nectar,1600,2900,725,7,FALSE,FALSE,,,,,
Pearlescent Mixer,Pearlescent Smoothie,1640,3100,775,10,FALSE,FALSE,,,,,
Peony Drink Mixer,Peony Tea,1220,1900,475,2,TRUE,TRUE,Pink,,,Hot Teas,
Peony Drink Mixer,Peony Petal Syrup,1600,2900,725,7,TRUE,TRUE,Pink,,,Cold Drinks,<3
Peony Drink Mixer,Peony Berry Punch,1640,3100,775,10,FALSE,FALSE,,,,,
Peony Oven,Peony Jam,1220,1900,475,2,TRUE,TRUE,Red,,,Breads,
Peony Oven,Peony Jelly,1380,2200,550,3,TRUE,TRUE,Yellow,,,Puddings/Parfaits,
Peony Oven,Peony Cake,1540,2600,650,5,TRUE,TRUE,Pink,,,Single Layer Cakes,
Peppermint Stove,Portugese Holiday Cake,1220,1900,475,2,TRUE,TRUE,,,,,
Peppermint Stove,Japanese Holiday Cake,1380,2200,550,3,TRUE,TRUE,,,,,
Peppermint Stove,Holiday Churros,1540,2600,650,5,TRUE,TRUE,,,,,
Periodic Table Stove,PB&J Swirl Muffins,1220,1900,475,2,FALSE,FALSE,,,,,
Periodic Table Stove,Pencil Churros,1380,2200,550,3,FALSE,FALSE,,,,,
Periodic Table Stove,Candy DNA Twists,1540,2600,650,5,FALSE,FALSE,,,,,
Persistent Glass Stove,Butter Applescotch,1220,1900,475,2,FALSE,FALSE,,,,,
Persistent Glass Stove,Green Apple Fritter,1600,2900,725,7,FALSE,FALSE,,,,,
Persistent Glass Stove,Pear Spice Cobbler,1640,3100,775,10,FALSE,FALSE,,,,,
Petal Oven,Butterfly Pea Gelato,940,1400,350,1,TRUE,TRUE,Blue,,Summer,Ice Creams,
Petal Oven,Blue Sky Jelly,940,1400,350,1,TRUE,TRUE,Blue,,Summer,Puddings/Parfaits,
Petal Oven,Bumble Cup,940,1400,350,1,TRUE,TRUE,Yellow,,,Cupcakes,
Petal Oven,Cinnamon Twist Donut,940,1400,350,1,TRUE,FALSE,Tan,,,Breads,
Petal Oven,Geode Cookies,2380,2200,550,3,TRUE,TRUE,Rainbow,,,Cookies,
Petal Oven,Earth Cake,1620,3000,750,8,TRUE,TRUE,Blue,,,,
Petal Oven,Pressed Flower Shortbread,940,1400,350,1,TRUE,TRUE,Tan,Easter,Spring,Breads,
Petal Oven,Elderflower Biscuits,940,1400,350,1,TRUE,TRUE,Purple,,,Cookies,
Petal Oven,Elderflower Lemon Cake,1380,2200,550,3,TRUE,TRUE,Purple,,,Single Layer Cakes,
Petal Oven,Elderflower Meringue Eclair,1620,3000,750,8,TRUE,TRUE,Yellow,,,Pastries,
Petal Oven,Tulip Tarts,1100,1700,425,1,TRUE,TRUE,,,,Tarts,
Petal Oven,Flower Cupcake,1440,2200,550,2,TRUE,TRUE,,,,Cupcakes,
Petal Oven,Flower Cake,1500,2500,625,4,TRUE,TRUE,,,,,
Petal Oven,Sugar Paws,1380,2200,550,3,FALSE,FALSE,,,,,
Petal Oven,Carrot Confection,1620,3000,750,8,FALSE,FALSE,,,,,
Petal Oven,Floral Crostini,1380,2200,550,3,FALSE,FALSE,,,,,
Petal Oven,Rosey Angel Food,1620,3000,750,8,FALSE,FALSE,,,,,
Petal Oven,Honey-Chrys Gelato,1380,2200,550,3,FALSE,FALSE,,,,,
Petal Oven,Rose Gelato,1620,3000,750,8,FALSE,FALSE,,,,,
Petal Pastry Oven,Petalcup Cake,1220,1900,475,2,FALSE,FALSE,,,,,
Petal Pastry Oven,Lemonlove Cream Cake,1380,2200,550,3,FALSE,FALSE,,,,,
Petal Pastry Oven,Roseberry Cake,1540,2600,650,5,FALSE,FALSE,,,,,
Phone Box,Bakewell Tart,1220,1900,475,2,FALSE,FALSE,,,,,
Phone Box,Battenberg Cake,1600,2900,725,7,FALSE,FALSE,,,,,
Phone Box,Victoria Sponge Cake,1640,3100,775,10,FALSE,FALSE,,,,,
Picnic Basket,Ants on a Log,1220,1900,475,2,FALSE,FALSE,,,,,
Picnic Basket,Jelly Squares,1380,2200,550,3,FALSE,FALSE,,,,,
Picnic Basket,Bear Cupcake,1540,2600,650,5,FALSE,TRUE,,,,,
Pie Oven,Peanut Butter Pie,1620,3250,650,3,FALSE,FALSE,,,,,
Pie Oven,Berry Sweet Pie,940,1750,350,1,FALSE,FALSE,,,,,
Pie Oven,Ube Pie,1880,3875,775,4,FALSE,FALSE,,,,,
Pillow Oven,Pigs in a Blanket,1220,1900,475,2,FALSE,FALSE,,,,,
Pillow Oven,Pretzel Sandwich,1380,2200,550,3,FALSE,FALSE,,,,,
Pillow Oven,Pizza Bagel,1540,2600,650,5,FALSE,FALSE,,,,,
Pillow Stove,S'mores Hot Cocoa,1220,1900,475,2,FALSE,FALSE,,,,,
Pillow Stove,Unicorn Hot Cocoa,1600,2900,725,7,FALSE,FALSE,,,,,
Pillow Stove,Popcorn Hot Cocoa,1640,3100,775,10,FALSE,FALSE,,,,,
Pink Blue Oven,Pink and Blue Cookies,1220,1900,475,2,FALSE,FALSE,,,,,
Pink Blue Oven,Pink and Blue Macarons,1380,2200,550,3,FALSE,FALSE,,,,Macarons,
Pink Blue Oven,Pink and Blue Cupcakes,1540,2600,650,5,FALSE,FALSE,,,,,
Pink Pumpkin Drink Machine,Pink Pumpkin Cider,1220,1900,475,2,FALSE,FALSE,,,,,
Pink Pumpkin Drink Machine,Spooky Pink Drink,1600,2900,725,7,FALSE,FALSE,,,,,
Pink Pumpkin Drink Machine,Pink Witch's Brew,1640,3100,775,10,FALSE,FALSE,,,,,
Pink Pumpkin Stove,Pink Halloween Cookies,1220,1900,475,2,FALSE,FALSE,,,,,
Pink Pumpkin Stove,Pink Halloween Cupcakes,1380,2200,550,3,FALSE,FALSE,,,,,
Pink Pumpkin Stove,Pink Halloween Cakes,1540,2600,650,5,FALSE,FALSE,,,,,
Pinstripe Oven,Pinstripe Cake,1220,1900,475,2,FALSE,FALSE,,,,,
Pinstripe Oven,Tiered Spooky Cake,1600,2900,725,7,FALSE,FALSE,,,,,
Pinstripe Oven,Spooky Wedding Cake,1640,3100,775,10,FALSE,FALSE,,,,,
Pioneer Oven,Pecan Dream Pie,940,1400,350,1,TRUE,TRUE,Tan,,,Pies,
Pioneer Oven,Tomato Mozerella Squares,940,1400,350,1,TRUE,FALSE,Blue,,,Savory,
Pioneer Oven,Ghost Pepper Donut,940,1400,350,1,TRUE,FALSE,Blue,,,Donuts,
Pioneer Oven,Red Velvet Cinnamon Roll,940,1400,350,1,TRUE,FALSE,Red,,,Breads,
Pioneer Oven,Apple Puffs,2200,3600,900,3,TRUE,FALSE,Tan,,,,
Pioneer Oven,Blueberry Bars,3120,5500,1375,6,TRUE,TRUE,Tan,,,,
Pioneer Oven,Choco Rounds,3820,7200,1800,9,TRUE,FALSE,White,,,Brownies,
Pioneer Oven,Peanut Butter Truffles,1380,2200,550,3,FALSE,FALSE,,,,,
Pioneer Oven,Pretzel Berry Bar,1620,3000,750,8,FALSE,FALSE,,,,,
Pioneer Oven,Pistachio Pomegranate Roll,1380,2200,550,3,FALSE,FALSE,,,,,
Pioneer Oven,Blueberry Cinnamon Roll,1620,3000,750,8,FALSE,FALSE,,,,,
Pioneer Oven,Peach Cobbler Squares,1380,2200,550,3,FALSE,FALSE,,,,,
Pioneer Oven,Cranberry Apple Squares,1620,3000,750,8,FALSE,FALSE,,,,,
Pioneer Oven,Habanero Banana Pie,1380,2200,550,3,FALSE,FALSE,,,,,
Pioneer Oven,Reaper Peanut Brittles,1620,3000,750,8,FALSE,FALSE,,,,,
Pirate Oven,Hard Tack,850,1300,325,1,FALSE,FALSE,,,,,
Pirate Oven,Honey Cake,2960,5700,1425,10,FALSE,FALSE,,,,,
Pirate Oven,Meat Pie,1880,3100,775,4,FALSE,FALSE,,,,,
Plant Based Stove,Carob Matcha Cakes,1220,1900,475,2,FALSE,FALSE,,,,,
Plant Based Stove,Butterfly Pea Cheesecake,1600,2900,725,7,FALSE,FALSE,,,,,
Plant Based Stove,Vegan Tier Cake,1640,3100,775,10,FALSE,FALSE,,,,,
Pond Drink Machine,Shell Punch,1220,1900,475,2,FALSE,FALSE,,,,,
Pond Drink Machine,Fish Drink,1600,2900,725,7,FALSE,FALSE,,,,,
Pond Drink Machine,Fish Bowl,1640,3100,775,10,FALSE,FALSE,,,,,
Popcorn Maker,Movie Popcorn,1220,1900,475,2,FALSE,FALSE,,,,,
Popcorn Maker,Chicago Popcorn,1380,2200,550,3,FALSE,FALSE,,,,,
Popcorn Maker,Hollywood Glittercorn,1540,2600,650,5,FALSE,FALSE,,,,,
Powdered Oven,Snowy Rosettes,1540,3250,650,5,TRUE,TRUE,,,,,
Powdered Oven,Snow Capped Mountains,1580,3500,700,6,TRUE,TRUE,,,,,
Powdered Oven,Powdered Wings,1600,3625,725,7,FALSE,FALSE,,,,,
Powdered Stove,Powdered Snow Balls,1380,2750,550,3,TRUE,TRUE,,,,,
Powdered Stove,Jam Cookies,1480,3125,625,4,TRUE,TRUE,,,,Cookies,
Powdered Stove,Snowy Gingersnaps,1480,3125,625,4,TRUE,TRUE,,,,,
Power Bloom Oven,Raspberry Eclair,1220,1900,475,2,TRUE,FALSE,Pink,Valentine's Day,,Pastries,
Power Bloom Oven,Flora Hand Pie,1380,2200,550,3,TRUE,FALSE,,Valentine's Day,,,
Power Bloom Oven,Blooming Cake,1540,2600,650,5,TRUE,FALSE,,,Spring,Single Layer Cakes,
Prankster Oven,Toothpaste Sandwich,1640,3875,775,9,FALSE,FALSE,,,,,
Prankster Oven,Funnel Cake Fries,1580,3500,700,6,FALSE,FALSE,,,,,
Prankster Oven,Cheese Cake,1480,3125,625,4,FALSE,FALSE,,,,,
Princess Oven,Old Fashioned Trifle,940,1400,350,1,TRUE,FALSE,,,,Puddings/Parfaits,
Princess Oven,Laurel Wreath Cookies,940,1400,350,1,TRUE,FALSE,Purple,,,Cookies,
Princess Oven,Water Princess Waffers,1500,2300,575,1,TRUE,FALSE,,,,,
Princess Oven,Pretty Pops,1640,2700,675,3,TRUE,FALSE,,,,Cake Pops,
Princess Oven,Cucake Castle,1780,3000,750,5,TRUE,FALSE,,,,,
Princess Oven,Mardi Gras Macarons,1380,2200,550,3,FALSE,FALSE,,,,Macarons,
Princess Oven,Mask Cookies,1620,3000,750,8,FALSE,FALSE,,,,,
Princess Oven,Peach Candle Cake,1380,2200,550,3,FALSE,FALSE,,,,,
Princess Oven,Bottle Bubbly Cake,1620,3000,750,8,FALSE,FALSE,,,,,
Princess Oven,Princess's Plum Pudding,940,1400,350,1,FALSE,TRUE,Brown,,,Puddings/Parfaits,
Prismatic Oven,Frozen Prism,1220,2375,475,2,TRUE,FALSE,White,,,,
Prismatic Oven,Refractive Jelly,1480,3125,625,4,TRUE,FALSE,Pink,Halloween,,,
Prismatic Oven,Prism Pops,1540,3250,650,5,TRUE,FALSE,Yellow,,,,
Puebla Drink Maker,Agua Fresca,2720,5200,1300,16,FALSE,FALSE,,,,,
Puebla Drink Maker,Horchata,860,1300,325,1,FALSE,FALSE,,,,,
Puebla Drink Maker,Chocolate Mexicano,2220,3800,950,4,FALSE,FALSE,,,,,
Puebla Oven,Tres Leches Cake,3760,8100,2025,5,FALSE,TRUE,Pink,,,,
Puebla Oven,Marranitos,2200,3700,925,4,FALSE,FALSE,,,,,
Puebla Oven,Pan Dulce,1900,3000,750,2,FALSE,FALSE,,,,,
Puff Oven,Mocha Puff,2400,4200,1050,6,FALSE,FALSE,,,,,
Puff Oven,Vanilla Puff,1960,3300,825,4,FALSE,FALSE,,,,,
Puff Oven,Strawberry Puff,2780,5100,1275,8,FALSE,FALSE,,,,,
Pumpkin Patch Dispenser,Butter Brew,1220,1900,475,2,TRUE,TRUE,,,,,
Pumpkin Patch Dispenser,Iced Patch Cooler,1600,2900,725,7,TRUE,TRUE,,,,,
Pumpkin Patch Dispenser,Pumpkin Gelato,1640,3100,775,10,TRUE,TRUE,,,,Ice Creams,
Pumpkin Patch Oven,Pumpkin Praline Pie,1220,1900,475,2,TRUE,TRUE,,,,Pies,
Pumpkin Patch Oven,Chocolate Patch Cake,1380,2200,550,3,TRUE,TRUE,,,,,
Pumpkin Patch Oven,Pumpkin Crisp,1540,2600,650,5,TRUE,TRUE,,,,,
Pumpkin Producer,Pumpkin Sorbet,3360,6200,1550,8,FALSE,FALSE,,,,,
Pumpkin Producer,Pumpkin Shake,2900,5100,1275,6,FALSE,FALSE,,,,,
Pumpkin Producer,Pumpkin Spice Latte,2380,4000,1000,4,FALSE,FALSE,,,,,
Pumpkin Producer,Pumpkin Flambe,2420,5250,1050,6,FALSE,FALSE,,,,,
Pumpkin Producer,Pumpkin Juice,2260,4750,950,4,FALSE,FALSE,,,,,
Pumpkin Producer,Pumpkin Hot Chocolate,2480,5625,1125,8,FALSE,FALSE,,,,,
Pumpkin Stove,Pumpkin Cake Pops,1980,3500,875,6,FALSE,FALSE,,,,,
Pumpkin Stove,Cauldron Cakes,1620,2700,675,4,FALSE,FALSE,,,,,
Pumpkin Stove,Ghost Berries,1140,1800,450,2,FALSE,FALSE,,,,,
Pumpkistove,Blueberry Jack Pies,1220,1900,475,2,FALSE,FALSE,,,,,
Pumpkistove,Pie O Lantern,1600,2900,725,7,FALSE,FALSE,,,,,
Pumpkistove,Webbed Cake,1640,3100,775,10,FALSE,FALSE,,,,,
Quaint Cooker,Mini Pies,1020,1600,400,1,FALSE,FALSE,,,,,
Quaint Cooker,Mini Cakes,1740,2800,700,3,FALSE,FALSE,,,,,
Quaint Cooker,Mini Macaroons,2220,3800,950,5,FALSE,FALSE,,,,Macarons,
Quaint Stove,Mini Cheesecake,1160,2000,500,5,FALSE,FALSE,,,,,
Quaint Stove,Mini Lemon Tarts,1080,1800,450,4,FALSE,FALSE,,,,,
Quaint Stove,Mini Doughnuts,760,1200,300,2,FALSE,FALSE,,,,,
Quilted Oven,Autumn Button Cookies,1220,1900,475,2,FALSE,FALSE,,,,,
Quilted Oven,Quilted Cakes,1380,2200,550,3,FALSE,FALSE,,,,,
Quilted Oven,Quilted Turkey Cake,1540,2600,650,5,FALSE,FALSE,,,,,
Radiant Oven,Rose Glass Cake,1220,1900,475,2,FALSE,FALSE,,,,,
Radiant Oven,Stained Glass Cookies,1380,2200,550,3,FALSE,FALSE,,,,,
Radiant Oven,Caramel Bowl Cake,1540,2600,650,5,FALSE,FALSE,,,,,
Rainbow Cloud Oven,Rainbow Cloud Cupcake,1220,1900,475,2,TRUE,TRUE,,,,Cupcakes,
Rainbow Cloud Oven,Rainbow Cloud Tier Cake,1540,2600,650,5,FALSE,FALSE,,,,,
Rainbow Cloud Oven,Rainbow Cloud Cake,1380,2200,550,,FALSE,FALSE,,,,,
Rainbow Oven,Scarecrow Cookie,940,1400,350,1,TRUE,TRUE,,,Fall,Cookies,
Rainbow Oven,Muscat Croissants,940,1400,350,1,TRUE,TRUE,Green,,,Breads,ooglay
Rainbow Oven,Rainbow Dips,1960,3300,825,4,TRUE,TRUE,Rainbow,,,,
Rainbow Oven,Vaporwave Donuts,1380,2200,550,3,TRUE,TRUE,Rainbow,,,,
Rainbow Oven,Vaporwave Cotton Candy,940,1400,350,1,TRUE,TRUE,Rainbow,,,,
Rainbow Oven,Vaporwave Cupcakes,1620,3000,750,8,TRUE,TRUE,Rainbow,,,,
Rainbow Oven,Sprinkle Berries,2400,4200,1050,6,TRUE,TRUE,Rainbow,,,,
Rainbow Oven,Rainbow Cake,2780,5100,1275,8,TRUE,TRUE,Rainbow,,,,
Rainbow Oven,Rainbow Croissant,1620,3000,750,8,FALSE,FALSE,,,,,
Rainbow Oven,Strawberry Croissants,1380,2200,550,3,FALSE,FALSE,,,,,
Rainbow Oven,Cowardly Lion Cookie,1620,3000,750,8,FALSE,FALSE,,,,,
Rainbow Oven,Tin Man Cookie,1380,2200,550,3,FALSE,FALSE,,,,,
Red Bird Oven,Frilly Pumpkin Pie,1220,1900,475,2,FALSE,FALSE,,,,,
Red Bird Oven,Dainty Pecan Cupcake,1380,2200,550,3,FALSE,FALSE,,,,,
Red Bird Oven,Zesty Autumn Bread,1540,2600,650,5,FALSE,FALSE,,,,,
Red Gift Stove,Candy Cane Cupcake,1480,2500,625,4,FALSE,FALSE,,,,,
Red Gift Stove,Peppermint Nougat,3120,6100,1525,11,FALSE,FALSE,,,,,
Red Gift Stove,Gingerbread House,940,1400,350,1,FALSE,FALSE,,,,,
Red Shop Oven,Chocolate Dip Cookies,1220,1900,475,2,FALSE,FALSE,,,,,
Red Shop Oven,Peppermint Fluff,1380,2200,550,3,FALSE,FALSE,,,,,
Red Shop Oven,Peppermint Stick Cake,1540,2600,650,5,FALSE,FALSE,,,,,
Red Team Oven,Cherry Chip Cupcakes,1220,1900,475,2,FALSE,FALSE,,,,,
Red Team Oven,Red Lava Cake,1380,2200,550,3,FALSE,FALSE,,,,,
Red Team Oven,Crimson Candy Apple,1540,2600,650,5,FALSE,FALSE,,,,,
Reds Oven,Aces Cake,1220,1900,475,2,TRUE,TRUE,,,,,
Reds Oven,Lucky Pick,1380,2200,550,3,TRUE,TRUE,,,,,
Reds Oven,Fortunice Tea,1540,2600,650,5,TRUE,TRUE,,,,Hot Teas,
Relaxed Oven,Blooming Mousse,1220,1900,475,2,FALSE,FALSE,,,,,
Relaxed Oven,Berry Cage,1380,2200,550,3,FALSE,FALSE,,,,,
Relaxed Oven,Romantic Forest Cup,1540,2600,650,5,FALSE,FALSE,,,,,
Resolute Drinks,Morning Shake,1220,2100,525,5,TRUE,FALSE,Pink,,,Smoothies & Milkshakes,
Resolute Drinks,Carrot Shake,1340,2300,575,6,TRUE,FALSE,Orange,,,Smoothies & Milkshakes,
Resolute Drinks,Sinless Sweet,1440,2600,650,7,TRUE,FALSE,Brown,,,Smoothies & Milkshakes,
Rocket Oven,Lemon Chess Pie,960,1500,375,1,TRUE,FALSE,Tan,,,Pies,
Rocket Oven,Peanut Pie,1660,2700,675,3,TRUE,FALSE,Brown,,,,
Rocket Oven,Banana Pie,2360,4100,1025,6,TRUE,FALSE,Tan,,,Pies,
Rocky Oven,Rocky Road Cookies,1220,1900,475,2,TRUE,FALSE,,,,,
Rocky Oven,Mushroom Cake Pops,1600,2900,725,7,TRUE,FALSE,,,,,
Rocky Oven,Sugar Crystals,1640,3100,775,10,TRUE,FALSE,,,,,
Roller Malt Maker,Chocolate Malt,1020,1600,400,1,TRUE,FALSE,Brown,,,Smoothies & Milkshakes,<3
Roller Malt Maker,Vanilla Malt,920,1500,375,2,TRUE,FALSE,,,,,
Roller Malt Maker,Strawberry Malt,940,1500,375,3,TRUE,FALSE,,,,,
Roller Oven,Roller Cookies,720,1100,275,0.5,TRUE,TRUE,Teal,,,Cookies,Music
Roller Oven,Cranberry Cobbler,540,800,200,1,TRUE,FALSE,,,,,
Roller Oven,Roller Derby Pie,600,1000,250,2,TRUE,FALSE,,,,,
Rollercoaster Soda Fountain,The Climb,1540,3250,650,5,TRUE,FALSE,,,,,
Rollercoaster Soda Fountain,The Drop,1600,3625,725,7,TRUE,FALSE,,,,,
Rollercoaster Soda Fountain,Zero G,1640,3875,775,10,TRUE,FALSE,,,,,
Roman Hearth,Pompeii Bread,1020,1600,400,1,FALSE,FALSE,,,,,
Roman Hearth,Roman Nut Tart,860,1400,350,2,FALSE,FALSE,,,,,
Roman Hearth,Honeycomb Cake,980,1600,400,4,FALSE,FALSE,,,,,
Romantic Stove,Red Cinnavelvet Roll,1220,1900,475,2,FALSE,FALSE,,,,,
Romantic Stove,Cupid Truffles,1600,2900,725,7,FALSE,FALSE,,,,,
Romantic Stove,Valentines Crescent,1640,3100,775,10,FALSE,FALSE,,,,,
Rose Gold Oven,Rose Gold Macarons,2560,4200,1050,3,FALSE,FALSE,,,,Macarons,
Rose Gold Oven,Rose Gold Donuts,1720,2900,725,4,FALSE,FALSE,,,,,
Rose Gold Oven,Rose Gold Flan,1540,2600,650,5,FALSE,FALSE,,,,,
Rose Gold Stove,White Chocolate Strawberries,1800,3200,800,6,FALSE,FALSE,,,,,
Rose Gold Stove,Rose Gold Slush,1460,2700,675,8,FALSE,FALSE,,,,,
Rose Gold Stove,Rose Gold Cupcakes,2060,3400,850,4,FALSE,FALSE,,,,,
Rose Heart Oven,Heart Strawberries,1220,1900,475,2,FALSE,FALSE,,,,,
Rose Heart Oven,Chococherry Macarons,1380,2200,550,3,FALSE,FALSE,,,,Macarons,
Rose Heart Oven,Heart Waffles,1540,2600,650,5,FALSE,FALSE,,,,,
Rose Oven,Honey Bee Cookie,940,1400,350,1,TRUE,TRUE,Yellow,,,Cookies,
Rose Oven,Chocolate Roll Cake,940,1400,350,1,TRUE,TRUE,Brown,,,Roll Cake,
Rose Oven,Heart Tart Cookies,940,1400,350,1,TRUE,TRUE,Pink,Valentine's Day,,Cookies,
Rose Oven,Violet Biscuit,1380,2200,550,3,TRUE,FALSE,,,,,
Rose Oven,Strawberry Parfait,940,1400,350,1,TRUE,FALSE,Pink,,,Puddings/Parfaits,<3
Rose Oven,Red Rose Cake,2660,4400,1100,4,TRUE,TRUE,Pink,,,Single Layer Cakes,
Rose Oven,Pink Rose Cupcakes,3040,5300,1325,6,TRUE,FALSE,Pink,,,Cupcakes,
Rose Oven,Rose Cookies,2020,3300,825,3,TRUE,FALSE,Red,,,Cookies,
Rose Oven,Decorated Heart Cookies,1380,2200,550,3,FALSE,FALSE,,,,Cookies,
Rose Oven,Cherub Cookies,1620,3000,750,8,FALSE,FALSE,,,,Cookies,
Rose Oven,Strawberry Roll Cakes,1380,2200,550,3,FALSE,FALSE,,,,,
Rose Oven,Sakura Roll Cake,1620,3000,750,8,FALSE,FALSE,,,,,
Rose Oven,Raspberry Panna Cotta,1380,2200,550,3,FALSE,FALSE,,,,,
Rose Oven,Rose Pudding,1620,3000,750,8,FALSE,FALSE,,,,,
Rose Oven,Ladybug Cookies,1380,2200,550,3,FALSE,FALSE,Red,,,Cookies,Animal
Rose Oven,Butterfly Cookie,1620,3000,750,8,FALSE,FALSE,,,,Cookies,
Rose Oven,Poppy Seed Muffins,940,1400,350,1,TRUE,TRUE,Pink,,,,
Rose Oven,Cherry Rose Tart,1620,3000,750,8,FALSE,FALSE,,,,,
Rose Oven,Macarons of Friendship,940,1400,350,1,TRUE,TRUE,,,,Macarons,Pastels
Rose Oven,Heart to Heart Cookies,1620,3000,750,8,FALSE,FALSE,,,,Cookies,
Rose Oven,Gal Pal Berry Scones,1380,2200,550,3,FALSE,FALSE,,,,,
Rosey Resevoir,Spring Cocoa,1220,1900,475,2,TRUE,TRUE,,,,Hot Chocolates,
Rosey Resevoir,Budding Tea,1600,2900,725,7,TRUE,TRUE,,,,Hot Teas,
Rosey Resevoir,Bloomcakes,1640,3100,775,10,TRUE,TRUE,,,,,
Rosey Resevoir,Budding Rose Tea,1600,2900,725,7,FALSE,FALSE,,,,,
Royal Oven,Royal Palace Cake,3260,6200,1550,10,FALSE,FALSE,,,,,
Royal Oven,Ball Gown Cupcakes,2920,5400,1350,8,FALSE,FALSE,,,,,
Royal Oven,Rock Candy Pendant,2180,3600,900,4,FALSE,FALSE,,,,,
Ruby Oven,Ruby Promise,1220,1900,475,2,TRUE,FALSE,Red,,,Multi Layer Cakes,
Ruby Oven,Ruby Petals,1480,2500,625,4,TRUE,FALSE,Red,,,Multi Layer Cakes,
Ruby Oven,Ruby Forever,1620,3000,750,8,TRUE,FALSE,Red,,,Multi Layer Cakes,
Rustic Gingerbread Oven,Snowflake Gingerbread,1220,1900,475,2,TRUE,FALSE,,,,,
Rustic Gingerbread Oven,Bear Gingerbread,1380,2200,550,3,FALSE,FALSE,,,,,
Rustic Gingerbread Oven,Reindeer Gingerbread,1540,2600,650,5,FALSE,FALSE,,,,,
Sakura Oven,Sakura Sugar Cookie,1220,1900,475,2,TRUE,TRUE,Pink,,Spring,Cookies,
Sakura Oven,Sakura Inari,1380,2200,550,3,TRUE,TRUE,Pink,,,,
Sakura Oven,Sakura Cream Puff,1540,2600,650,5,TRUE,TRUE,Pink,,,Pastries,
Sakura Stove,Sakura Wagashi,1220,1900,475,2,TRUE,TRUE,Pink,,,Candies/Sweets,
Sakura Stove,Sakura Mochi Donuts,1600,2900,725,7,TRUE,TRUE,Pink,,,Ice Creams,
Sakura Stove,Sakura Cheese Cake,1640,3100,775,10,TRUE,TRUE,Pink,,,Single Layer Cakes,
Sandy Oven,Shore Cake,1220,1900,475,2,FALSE,FALSE,,,,,
Sandy Oven,Beach Bucket Cake,1600,2900,725,7,FALSE,FALSE,,,,,
Sandy Oven,Sand Castle Cake,1640,3100,775,10,FALSE,FALSE,,,,,
Santa's Oven,Ugly Sweaters,940,1400,350,1,TRUE,FALSE,,,,,
Santa's Oven,Strawberry Santas,940,1400,350,1,TRUE,FALSE,,Christmas,,,
Santa's Oven,Claus Cupcake,2280,3800,950,4,TRUE,FALSE,,Christmas,,Cupcakes,
Santa's Oven,Reindeer Cake,3040,5300,1325,6,TRUE,FALSE,,Christmas,,,
Santa's Oven,Holiday Cookies,3860,7100,1775,8,TRUE,FALSE,,Christmas,,Cookies,
Santa's Oven,Hot Cocoa Cookie Cups,1380,2200,550,3,FALSE,FALSE,,,,,
Santa's Oven,Christmas Tree Cookie Stack,1620,3000,750,8,FALSE,FALSE,,,,,
Santa's Oven,Fruitcake Wreath,1380,2200,550,3,FALSE,FALSE,,,,,
Santa's Oven,Fruit Christmas Tree,1620,3000,750,8,FALSE,FALSE,,,,,
Santa's Pizza Oven,Stocking Pizza,1220,1900,475,2,FALSE,FALSE,,,,,
Santa's Pizza Oven,Star Pizza,1600,2900,725,7,FALSE,TRUE,,,,,
Santa's Pizza Oven,Reindeer Pizza,1640,3100,775,10,FALSE,FALSE,,,,,
Santa's Shop Oven,Santa Hat Brownies,1140,1800,450,2,TRUE,FALSE,,Christmas,,Brownies,
Santa's Shop Oven,North Pole Cupcakes,1620,2700,675,4,TRUE,FALSE,,Christmas,,Cupcakes,
Santa's Shop Oven,Christmas Cake,1980,3500,875,6,TRUE,FALSE,,Christmas,,,
Santas Shop Fountain,Hazelnut Eggnog,2060,900,3600,6,FALSE,FALSE,,,,,
Santas Shop Fountain,Gingerbread Eggnog,1680,2800,700,4,FALSE,FALSE,,,,,
Santas Shop Fountain,Chocolate Eggnog,1180,1900,475,2,FALSE,FALSE,,,,,
Sapphire Oven,Sapphire Promise,1220,1900,475,2,TRUE,FALSE,Blue,,,Multi Layer Cakes,
Sapphire Oven,Sapphire Petals,1480,2500,625,4,TRUE,TRUE,Blue,,,Multi Layer Cakes,
Sapphire Oven,Sapphire Forever,1620,3000,750,8,TRUE,FALSE,Blue,,,Multi Layer Cakes,
Savory Cafe Oven,Eggy Croissant,1220,1900,475,2,FALSE,FALSE,,,,,
Savory Cafe Oven,Bagel Egg & Cheese,1600,2900,725,7,FALSE,FALSE,,,,,
Savory Cafe Oven,Avocado Toast,1640,3100,775,10,FALSE,FALSE,,,,,
Scandinavian Stove,Ebelskivers,1220,1900,475,2,FALSE,FALSE,,,,,
Scandinavian Stove,Rose Sandkage,1600,2900,725,7,FALSE,FALSE,,,,,
Scandinavian Stove,Kransekake,1640,3100,775,10,FALSE,FALSE,,,,,
Schmear Stove,Cheddar Bagel,1220,1900,475,2,TRUE,TRUE,,,,Breads,
Schmear Stove,Turkey Bagel Sandwich,1380,2200,550,3,TRUE,TRUE,,,,Savory,
Schmear Stove,Bagel and Lox,1540,2600,650,5,TRUE,TRUE,,,,Breads,
Shamrock Drinks Machine,Shamrock Milkshake,1220,1900,475,2,FALSE,FALSE,,,,,
Shamrock Drinks Machine,Irish Cream Latte,1600,2900,725,7,FALSE,FALSE,,,,,
Shamrock Drinks Machine,Leprechaun Lemonade,1640,3100,775,10,FALSE,FALSE,,,,,
Shamrock Oven,Pot O' Gold Cake,1580,2800,700,6,FALSE,FALSE,,,,,
Shamrock Oven,Celtic Cookies,1380,2200,550,3,FALSE,FALSE,,,,,
Shamrock Oven,Lucky Cupcakes,1480,2500,625,4,FALSE,FALSE,,,,,
Shamrock Stove,Eire Soda Bread,1640,3200,800,11,FALSE,FALSE,,,,,
Shamrock Stove,Shamrock Brownies,1380,2200,550,3,FALSE,FALSE,,,,,
Shamrock Stove,Rainbow Doughnut,1620,3000,750,8,FALSE,FALSE,,,,,
Shaved Ice Maker,Honeyhive Cupcakes,940,1400,350,1,TRUE,TRUE,,,,,
Shaved Ice Maker,Chocolate Circles,940,1400,350,1,TRUE,TRUE,Brown,,,,
Shaved Ice Maker,Mango Coconut Shaved Ice,940,1400,350,1,TRUE,TRUE,,,Summer,Smoothies & Milkshakes,
Shaved Ice Maker,Frozen Yogurt Fruit Bites,1380,2200,550,3,TRUE,TRUE,,,,,
Shaved Ice Maker,Carnival Snow Cone,940,1400,350,1,TRUE,TRUE,,,,,
Shaved Ice Maker,Blue Raspberry Ice,1520,2400,600,2,TRUE,TRUE,Blue,,Summer,Smoothies & Milkshakes,
Shaved Ice Maker,Strawberry Ice,2600,4300,1075,4,TRUE,TRUE,Red,,Summer,Smoothies & Milkshakes,
Shaved Ice Maker,Rainbow Ice,4600,8400,2100,8,TRUE,TRUE,Rainbow,,Summer,Smoothies & Milkshakes,
Shaved Ice Maker,Fruit Sorbet,1620,3000,750,8,FALSE,FALSE,,,,,
Shaved Ice Maker,Matcha Shaved Ice,1380,2200,550,3,FALSE,FALSE,,,,,
Shaved Ice Maker,Fig Shaved Ice,1620,3000,750,8,FALSE,FALSE,,,,,
Shaved Ice Maker,Rainbow Circles,1380,2200,550,3,FALSE,FALSE,,,,,
Shaved Ice Maker,Banana Split Circles,1620,3000,750,8,FALSE,FALSE,,,,,
Shaved Ice Maker,Churro Cream Bowl,1380,2200,550,3,FALSE,FALSE,,,,,
Shaved Ice Maker,Berry Best Cheese Cake,1620,3000,750,8,FALSE,FALSE,,,,,
Shaved Ice Maker,Strawberry Guri Guri,940,1400,350,1,TRUE,TRUE,Pink,,,Ice Creams,
Shaved Ice Maker,Passion Fruit Guri Guri,1380,2200,550,3,TRUE,TRUE,Yellow,,,Ice Creams,
Shaved Ice Maker,Pineapple Guri Guri,1620,3000,750,8,TRUE,TRUE,,,,Ice Creams,
Shimmering Stove,Bubble Cheesecake,1220,1900,475,2,FALSE,FALSE,,,,,
Shimmering Stove,Sugarfly Cupcake,1600,2900,725,7,FALSE,FALSE,,,,,
Shimmering Stove,Starry Light Cookies,1640,3100,775,10,FALSE,TRUE,,,,,
Shine Stove,Rainbow Cookies,1220,1900,475,2,FALSE,FALSE,,,,,
Shine Stove,Pastel Swirl,1600,2900,725,7,FALSE,FALSE,,,,,
Shine Stove,Candy Rosebud,1640,3100,775,10,FALSE,FALSE,,,,,
Shore Wood Oven,Coconut Bibingka,1220,1900,475,2,FALSE,FALSE,,,,,
Shore Wood Oven,Taho,1600,2900,725,7,FALSE,FALSE,,,,,
Shore Wood Oven,Turon,1640,3100,775,10,FALSE,FALSE,,,,,
Shoreline Oven,Beach Cobbler,1220,1900,475,2,FALSE,FALSE,,,,,
Shoreline Oven,Sugarstar Cookies,1380,2200,550,3,FALSE,FALSE,,,,,
Shoreline Oven,Sandy Apple Crumb Cake,1540,2600,650,5,FALSE,FALSE,,,,,
Shoreline Stove,Sugary Seashells,1220,1900,475,2,FALSE,FALSE,,,,,
Shoreline Stove,Donut Crabs,1600,2900,725,7,FALSE,FALSE,,,,,
Shoreline Stove,Lemon Berry Popcorn,1640,3100,775,10,FALSE,FALSE,,,,,
Shortbread Oven,Strawberry Shortbread Cookies,1220,1900,475,2,TRUE,FALSE,Pink,,,Cookies,
Shortbread Oven,Shortbread Snowflakes,1380,2200,550,3,FALSE,FALSE,,,,,
Shortbread Oven,Shortbread Bears,1540,2600,650,5,FALSE,FALSE,,,,,
Sicilian Oven,Chocolate Cherry Cannoli,1220,1900,475,2,TRUE,FALSE,Brown,,,,
Sicilian Oven,Limoncello Tiramisu,1380,2200,550,3,TRUE,FALSE,,,,,
Sicilian Oven,Panna Cotta Tart,1540,2600,650,5,TRUE,FALSE,Pink,Valentine's Day,,,
Silver Studded Stove,White Lemon Truffles,1220,1900,475,2,FALSE,FALSE,,,,,
Silver Studded Stove,Evergreen Cakes,1600,2900,725,7,FALSE,FALSE,,,,,
Silver Studded Stove,Gingerbread Cannolis,1640,3100,775,10,FALSE,FALSE,,,,,
Snack Cooler,Matzoh Fridge Cake,1540,3250,650,5,FALSE,FALSE,,,,,
Snack Cooler,Frozen Cocoa Cheesecake,1120,2250,450,3,FALSE,FALSE,,,,,
Snack Cooler,Salted Caramel Pudding,800,1500,300,1,FALSE,FALSE,,,,,
Snowman Fountain,Candy Cappuccino,1700,2800,700,4,TRUE,FALSE,,,,Coffees,
Snowman Fountain,Gingerbread Latte,1880,3200,800,5,TRUE,FALSE,,,,Coffees,
Snowman Fountain,Holly Hot Chocolate,2060,3600,900,6,TRUE,FALSE,,,,Hot Chocolates,
Snowman Stove,Reindeer Pops,1200,1900,475,2,FALSE,FALSE,,,,,
Snowman Stove,Snowman Sandies,1460,2400,600,3,FALSE,FALSE,,,,,
Snowman Stove,Winter Tree Truffles,840,1300,325,1,FALSE,FALSE,,,,,
Snowy Cabin Stove,Snowy Forest Cake,1220,1900,475,2,FALSE,FALSE,,,,,
Snowy Cabin Stove,Snowy Yule Log,1600,2900,725,7,FALSE,FALSE,,,,,
Snowy Cabin Stove,Snowy Gingerbread Cabin,1640,3100,775,10,FALSE,FALSE,,,,,
Softy Machine,Pineapple Soft Serve,1220,1900,475,2,FALSE,FALSE,,,,,
Softy Machine,Chocolate Swirl Soft Serve,1600,2900,725,7,FALSE,FALSE,,,,,
Softy Machine,Rainbow Soft Serve,1640,3100,775,10,FALSE,FALSE,,,,,
Sonic Victorian Oven,Sweet Cream Rolls,940,1400,350,1,TRUE,TRUE,,,,,
Sonic Victorian Stove,Ginger Root Tea,1440,2300,575,2,TRUE,FALSE,,,,Hot Teas,
Southwest Oven,Churro Cheesecake Bars,1320,2100,525,2,TRUE,FALSE,Brown,,,,
Southwest Oven,Apple Pie Taquitos,1400,2400,600,4,TRUE,FALSE,,,,,
Southwest Oven,Dreamcatcher Cookies,1420,2500,625,6,TRUE,FALSE,,,,Cookies,
Space Stove,Space Cupcakes,1220,1900,475,2,FALSE,FALSE,,,,,
Space Stove,Constellation Cake,1600,2900,725,7,FALSE,FALSE,,,,,
Space Stove,Rocket Launch Cake,1640,3100,775,10,FALSE,FALSE,,,,,
Spangled Stove,Summer Berry Pie,1220,1900,475,2,FALSE,TRUE,,Independence Day,,,
Spangled Stove,Ice Cream Cookie,1600,2900,725,7,FALSE,FALSE,,,,,
Spangled Stove,Star Heart Cookies,1640,3100,775,10,FALSE,FALSE,,,,,
Spanish Mixer,Horchata,300,1000,250,2,FALSE,FALSE,,,,,
Spanish Mixer,Mango Agua Fresca,470,1600,400,4,FALSE,FALSE,,,,,
Spanish Mixer,Spanish Chocolate,700,2600,650,8,FALSE,FALSE,,,,,
Special Petal Stove,Floral Lemon Tarts,1220,1900,475,2,FALSE,FALSE,,,,,
Special Petal Stove,Special Sugar Flower,1600,2900,725,7,FALSE,FALSE,,,,,
Special Petal Stove,Florists Cookies,1640,3100,775,10,FALSE,FALSE,,,,,
Spectral Oven,Spectral Cupcake,3580,7200,1800,12,FALSE,FALSE,,,,,
Spectral Oven,Monstrous Cupcake,3260,6200,1550,10,FALSE,FALSE,,,,,
Spectral Oven,Jack'O'Cupcake,2300,4000,1000,6,FALSE,FALSE,,,,,
Spherified Oven,Ginger Carrot Muffins,1220,1900,475,2,FALSE,TRUE,,,,,
Spherified Oven,Golden Rice Pudding,1600,2900,725,7,FALSE,FALSE,,,,,
Spherified Oven,Sesame Mango Parfait,1640,3100,775,10,FALSE,FALSE,,,,,
Spooky Cauldron,Spooky Sipper,940,1400,350,1,FALSE,FALSE,,,,,
Spooky Cauldron,Skeleton Milk,1480,2500,625,4,FALSE,FALSE,,,,,
Spooky Cauldron,Grave Slush,1580,2800,700,6,FALSE,FALSE,,,,,
Spooky Oven,Fright Bites,1220,1900,475,2,TRUE,TRUE,,Halloween,,,
Spooky Oven,Dead Velvet Cake,1380,2200,550,3,TRUE,FALSE,,Halloween,,,
Spooky Oven,Root Fear Float,1540,2600,650,5,TRUE,FALSE,,Halloween,,,
Spooky Soda Machine,Pumpkin Soda,1640,3100,775,9,FALSE,FALSE,,,,,
Spooky Soda Machine,Glowing Soda,1580,2800,700,6,FALSE,TRUE,Green,,Spring,,<3
Spooky Soda Machine,Muddy Soda,1220,1900,475,2,FALSE,FALSE,,,,,
Spooky Stove,Haunted Fudge,1220,1900,475,2,TRUE,TRUE,,Halloween,,,
Spooky Stove,Voodoo Treats,1600,2900,725,7,TRUE,TRUE,,Halloween,,,
Spooky Stove,Candy Corn Cooler,1640,3100,775,10,TRUE,TRUE,,Halloween,,,
Spring Kettle,Spring Tea,2100,3500,875,4,TRUE,TRUE,,,,Hot Teas,
Spring Kettle,Grape Boba,940,1400,350,1,TRUE,TRUE,,,,Cold Drinks,
Spring Kettle,White Grape Oolong,940,1400,350,1,TRUE,TRUE,,,,Hot Teas,
Spring Kettle,Rose Tea,2460,4300,1075,6,TRUE,TRUE,,,,Hot Teas,
Spring Kettle,Spring Petal Tea,2880,5400,1350,9,TRUE,TRUE,,,,Hot Teas,
Spring Kettle,Passion Fruit Tea,1380,2200,550,3,FALSE,FALSE,,,,,
Spring Kettle,Butterfly Pea Tea,1620,3000,750,8,FALSE,FALSE,,,,,
Spring Kettle,Rose Boba,1380,2200,550,3,FALSE,FALSE,,,,,
Spring Kettle,Popping Boba,1620,3000,750,8,FALSE,FALSE,,,,,
Spring Tea Kettle,Flowering Hibiscus Tea,1220,1900,475,2,TRUE,TRUE,,,,Hot Teas,
Spring Tea Kettle,Flowering Osmanthus Tea,1380,2200,550,3,TRUE,TRUE,,,,Hot Teas,
Spring Tea Kettle,Flowering Purple Pea Tea,1540,2600,650,5,TRUE,TRUE,,,,Hot Teas,
Staggered Stove,Dual Danish,1220,1900,475,2,FALSE,FALSE,,,,,
Staggered Stove,Magnificent Mousse,1380,2200,550,3,FALSE,FALSE,,,,,
Staggered Stove,Maple Bagel Stack,1540,2600,650,5,FALSE,FALSE,,,,,
Stainless Steel Oven,Turkey Cinnamon Rolls,940,1400,350,1,TRUE,TRUE,,Thanksgiving,,Breads,ooglay
Stainless Steel Oven,NYE Popcorn,940,1400,350,1,TRUE,TRUE,,,,Candies/Sweets,
Stainless Steel Oven,Bubbly Mint Cooler,940,1400,350,1,TRUE,TRUE,,Christmas,,,
Stainless Steel Oven,Licorice Earphones,1380,2200,550,3,TRUE,TRUE,Blue,,,,ooglay
Stainless Steel Oven,Circuit Board Cookies,940,1400,350,1,TRUE,TRUE,Green,,,Cookies,
Stainless Steel Oven,Motherboard Cake,1620,3000,750,1,TRUE,TRUE,,,,Single Layer Cakes,
Stainless Steel Oven,Popcorn Snowballs,920,1500,375,2,TRUE,TRUE,,,Winter,Candies/Sweets,
Stainless Steel Oven,Snowman Cupcakes,1020,1600,400,1,TRUE,TRUE,,,Winter,Cupcakes,
Stainless Steel Oven,Shimmery Cake Pops,1220,2100,525,5,TRUE,TRUE,,,Winter,Cake Pops,
Stainless Steel Oven,Holly Bites Cake,1380,2200,550,3,FALSE,FALSE,,,,,
Stainless Steel Oven,Bowtie Cake,1620,3000,750,8,FALSE,FALSE,,,,,
Stainless Steel Oven,NYE Cupcakes,1380,2200,550,3,FALSE,FALSE,,,,,
Stainless Steel Oven,NYE Cake,1620,3000,750,8,FALSE,FALSE,,,,,
Stainless Steel Oven,Cocoa Turkey Treats,1380,2200,550,3,FALSE,FALSE,,,,,
Stainless Steel Oven,Ice Cream Turkey Cake,1620,3000,750,8,FALSE,FALSE,,,,,
Stainless Steel Oven,Cocoa Granola Bar,940,1400,350,1,TRUE,FALSE,,,,,
Stainless Steel Oven,Peach Galette,1380,550,2200,3,TRUE,FALSE,,,,,
Stainless Steel Oven,Cake Coffee,940,1400,350,1,TRUE,FALSE,,,,,
Stainless Steel Oven,Pi(e) Tarts,940,1400,350,1,TRUE,FALSE,,,,,
Starry Stove,Aquaricake,1020,1600,400,1,FALSE,FALSE,Teal,,Summer,Single Layer Cakes,
Starry Stove,Aries Puffs,1980,3300,825,4,FALSE,FALSE,,,,,
Starry Stove,Pisces Biscuits,1420,2200,550,2,FALSE,FALSE,,,,,
Starship Stove,Firecracker Snack Mix,940,1400,350,1,TRUE,TRUE,Brown,,,Savory,
Starship Stove,Planetary Parfait,1640,2700,675,2,TRUE,TRUE,,,,Puddings/Parfaits,
Starship Stove,Marzipan Martians,1680,2800,700,3,TRUE,FALSE,Green,Halloween,,Candies/Sweets,
Starship Stove,Space Jamwiches,2020,3200,800,5,TRUE,FALSE,Tan,,,Savory,
Starship Stove,Star Cookies,1380,2750,550,3,FALSE,FALSE,,,,,
Starship Stove,Lunar Cake,1540,3250,650,5,FALSE,FALSE,,,,,
Starship Stove,Constellation Tarts,1220,2375,475,2,FALSE,FALSE,,,,,
Starship Stove,Sparkler Cupcakes,1380,2750,550,3,FALSE,FALSE,,,,,
Starship Stove,Fireworks Cake,1620,3000,750,8,FALSE,FALSE,,,,,
Starship Stove,Nebula Swirl Meringues,940,1400,350,1,TRUE,FALSE,,,,,Space
Starship Stove,Starlight Mousse Domes,1380,2200,550,3,TRUE,FALSE,,,,,Space
Starship Stove,Asteroid Crumble Bars,1620,3000,750,8,TRUE,FALSE,,,,,Space
Steam Oven,Steamed Lemon Pudding,2180,4200,1050,10,FALSE,FALSE,,,,,
Steam Oven,Cheese Scones,1940,3600,900,8,FALSE,FALSE,Yellow,,,,
Steam Oven,Caribbean Nimbus,1380,2300,575,4,FALSE,FALSE,,,,,
Stylish Heart Stove,Hearty Cinnaroll,1220,1900,475,2,FALSE,FALSE,,,,,
Stylish Heart Stove,Cherry Cupcake,1600,2900,725,7,FALSE,FALSE,,,,,
Stylish Heart Stove,Red Ring Cookie,1640,3100,775,10,FALSE,FALSE,,,,,
Succulent Fountain,Pitaya Punch,1620,3750,750,8,FALSE,FALSE,Pink,,,Cold Drinks,
Succulent Fountain,Cactus Smoothie,1580,3500,700,6,FALSE,FALSE,,,,,
Succulent Fountain,Aloe Water,1540,3250,650,5,FALSE,FALSE,Blue,,,Cold Drinks,
Succulent Oven,Succulent Cupcakes,1220,1900,475,2,FALSE,FALSE,,,,,
Succulent Oven,Succulent Cookies,1380,2200,550,3,FALSE,TRUE,,,,,
Succulent Oven,Succulent Cake,1540,2600,650,5,FALSE,FALSE,,,,,
Sugar Coater,Candy Corn,940,1400,350,1,TRUE,FALSE,,Halloween,,Candies/Sweets,ooglay
Sugar Coater,Jack-O-Candies,940,1400,350,1,TRUE,FALSE,,Halloween,,Candies/Sweets,
Sugar Coater,Sakura Bubble Tea,1380,2200,550,3,TRUE,FALSE,Pink,,,Hot Teas,
Sugar Coater,Sakura Tea,940,1400,350,1,TRUE,TRUE,Pink,,,Hot Teas,
Sugar Coater,Almond Sugar Cookies,4400,10600,2650,24,TRUE,TRUE,,,,Cookies,
Sugar Coater,Banana Powder Puffs,1620,3750,750,8,FALSE,FALSE,,,,,
Sugar Coater,Beach Pie,1620,4000,800,12,FALSE,FALSE,,,,,
Sugar Coater,Sandy Donut Middle,1480,3125,625,4,FALSE,FALSE,,,,,
Sugar Coater,Spooky Jelly Beans,1380,2200,550,3,FALSE,FALSE,,,,,
Sugar Coater,Spooky Gumballs,1380,2200,550,3,FALSE,FALSE,,,,,
Sugar Coater,Cauldron Candies,1380,2200,550,3,FALSE,FALSE,,,,,
Sugar Coater,Undead Candies Bag,1620,3000,750,8,FALSE,FALSE,,,,,
Sugar Coater,Sakura Latte,1620,3000,750,8,FALSE,FALSE,,,,,
Sugar Heart Stove,Ras-Heart Tart,1220,1900,475,2,TRUE,TRUE,,,,Tarts,
Sugar Heart Stove,Heartberry Danish,1380,2200,550,3,TRUE,TRUE,,,,,
Sugar Heart Stove,Glitterheart Bites,1540,2600,650,5,TRUE,TRUE,,,,,
Sugar Heart Stove,Ras Heart Tart,1220,1900,475,2,FALSE,FALSE,,,,,
Sugar Heart Stove,Heartberry Danish,1380,2200,550,3,FALSE,FALSE,,,,,
Sugar Heart Stove,Glitterheart Bites,1540,2600,650,5,FALSE,FALSE,,,,,
Sugar N Spicy Chiller,Pineapeno Popsicles,1220,1900,475,2,FALSE,FALSE,,,,,
Sugar N Spicy Chiller,Mangonada Popsicles,1600,2900,725,7,FALSE,FALSE,,,,,
Sugar N Spicy Chiller,Hot Honeydew Popsicles,1640,3100,775,10,FALSE,FALSE,,,,,
Sugar N Spicy Oven,Chipotle Choco Bark,1220,1900,475,2,FALSE,FALSE,,,,,
Sugar N Spicy Oven,Raspberry Jalapeno Dip,1380,2200,550,3,FALSE,FALSE,,,,,
Sugar N Spicy Oven,Hot Peaches N Goat Cheese,1540,2600,650,5,FALSE,FALSE,,,,,
Sultan Fountain,Orange Sherbet,1080,1700,425,1,TRUE,TRUE,Orange,,,Ice Creams,
Sultan Fountain,Lime Sherbet,1780,2900,725,3,TRUE,TRUE,Green,,,Ice Creams,
Sultan Fountain,Strawberry Sherbet,2400,4200,1050,6,TRUE,TRUE,Pink,,,Ice Creams,
Summer Icebox,Berry Mousse PIe,980,1500,375,1,TRUE,FALSE,Tan,,,Single Layer Cakes,<3
Summer Icebox,Cool Lemon Pie,1700,2800,700,3,TRUE,TRUE,,,,Pies,ooglay
Summer Icebox,Coconut Parfait,2400,4200,1050,6,TRUE,FALSE,,,,,
Sun Oven,Warm Sun Pops,1020,1600,400,1,FALSE,FALSE,,,,,
Sun Oven,Sun Pie,1740,2800,700,3,FALSE,FALSE,,,,,
Sun Oven,Solar Cookies,2220,3800,950,5,FALSE,FALSE,,,,,
Sunny Oven,Fresh Cream Cupcake,1220,1900,475,2,FALSE,FALSE,,,,,
Sunny Oven,Citrus Meringue Pie,1380,2200,550,3,FALSE,FALSE,,,,,
Sunny Oven,Cranberry Crisp,1540,2600,650,5,FALSE,FALSE,,,,,
Sunrise Potting Platform,Fresh Candy Apples,1220,1900,475,2,FALSE,FALSE,,,,,
Sunrise Potting Platform,Apricot Succulent,1380,2200,550,3,FALSE,FALSE,,,,,
Sunrise Potting Platform,Sunny Lemon Rings,1540,2600,650,5,FALSE,FALSE,,,,,
Sunset Boulevard Stove,Starry Crostinis,1220,1900,475,2,FALSE,TRUE,,,,,
Sunset Boulevard Stove,Caviar Baked Potatoes,1600,2900,725,7,FALSE,FALSE,,,,,
Sunset Boulevard Stove,Chocolate Awards,1640,3100,775,10,FALSE,FALSE,,,,,
Sunset Seeding Station,Sunberry Pie,1220,1900,475,2,FALSE,FALSE,,,,,
Sunset Seeding Station,Cherry Blossoms,1600,2900,725,7,FALSE,FALSE,,,,,
Sunset Seeding Station,Tulip Poppers,1640,3100,775,10,FALSE,FALSE,,,,,
Sunset Shell Oven,Coconut Cake,1220,1900,475,2,TRUE,TRUE,,,,,
Sunset Shell Oven,Passionfruit Tartlets,1380,2200,550,3,TRUE,TRUE,,,,,
Sunset Shell Oven,Hawaiian Pie,1540,2600,650,5,TRUE,TRUE,,,,Pies,
Susurrous Oven,Pumpkin Spice Cupcake,1220,1900,475,2,FALSE,FALSE,,,,,
Susurrous Oven,Pumpkin Swirl Cheesecake,1600,2900,725,7,FALSE,FALSE,,,,,
Susurrous Oven,Pecan Pie Brownie,1640,3100,775,10,FALSE,FALSE,,,,,
Sweet Bagel Oven,Fruit Schmear Bagel,1220,1900,475,2,TRUE,TRUE,,,,Breads,
Sweet Bagel Oven,Cinnamon Bagel,1600,2900,725,7,FALSE,FALSE,,,,,
Sweet Bagel Oven,Strawberry Bagel,1640,3100,775,10,FALSE,FALSE,,,,,
Sweet Cafe Stove,Choco-Waffle Sticks,1220,1900,475,2,FALSE,FALSE,,,,,
Sweet Cafe Stove,Cinna-Roll,1380,2200,550,3,FALSE,FALSE,,,,,
Sweet Cafe Stove,Simple Muffin,1540,2600,650,5,FALSE,FALSE,,,,,
Sweet Dream Stove,Night Sky Cake,1220,1900,475,2,FALSE,TRUE,Blue,,,Cupcakes,<3
Sweet Dream Stove,Galaxy Fudge,1600,2900,725,7,FALSE,FALSE,,,,,
Sweet Dream Stove,Stellar Donut,1640,3100,775,10,FALSE,FALSE,,,,,
Sweet Drink Mixer,Berry Sweet,2960,5700,1425,10,FALSE,FALSE,,,,,
Sweet Drink Mixer,Love Magic Bubble Tea,1580,2800,700,6,FALSE,FALSE,,,,,
Sweet Drink Mixer,Heart Punch,1480,2500,625,4,FALSE,FALSE,,,,,
Sweet Heart Dispenser,Sweet Heart Candies,1220,1900,475,2,FALSE,FALSE,,,,,
Sweet Heart Dispenser,Sweet Heart Milkshake,1600,2900,725,7,FALSE,FALSE,,,,,
Sweet Heart Dispenser,Candied Hearts,1220,1900,475,2,FALSE,FALSE,,,,,
Sweet Heart Dispenser,Sweet Heart Drinks,1640,3100,775,10,FALSE,FALSE,,,,,
Sweet N Spice,Saffron Cookies,1920,3000,750,2,TRUE,TRUE,Tan,,,Cookies,
Sweet N Spice,Mini Cupcakes,940,1400,350,1,TRUE,TRUE,Rainbow,,Spring,Cupcakes,
Sweet N Spice,Coconut Ladoo,940,1400,350,1,TRUE,TRUE,Rainbow,,Spring,,
Sweet N Spice,Candied Peno-Crostini,940,1400,350,1,TRUE,TRUE,Tan,,,,
Sweet N Spice,Uncinetti,940,1400,350,1,TRUE,TRUE,Rainbow,,,,
Sweet N Spice,Ginger Cookies,2360,3800,950,3,TRUE,TRUE,Tan,,,Cookies,
Sweet N Spice,Pistachio Fudge,1380,2200,550,3,TRUE,TRUE,Green,,,Candies/Sweets,
Sweet N Spice,Cinna Cookies,2720,4500,1125,4,TRUE,TRUE,Tan,,,Cookies,
Sweet N Spice,Molasses Cookies,1920,3750,750,2,FALSE,FALSE,,,,,
Sweet N Spice,Chai Cookies,2180,4375,875,3,FALSE,FALSE,,,,,
Sweet N Spice,Pfeffernusse,2340,4875,975,4,FALSE,FALSE,,,,,
Sweet N Spice,Matcha Cupcake,1380,2200,550,3,FALSE,FALSE,,,,,
Sweet N Spice,Pink Lemonade Cupcake,1620,3000,750,8,FALSE,FALSE,,,,,
Sweet N Spice,Sheep Cookies,1380,2200,550,3,FALSE,FALSE,,,,,
Sweet N Spice,Bunny Face Cookies,1620,3000,750,8,FALSE,FALSE,,,,,
Sweet N Spice,Carrot Halwa,1620,3000,750,8,FALSE,FALSE,,,,,
Sweet N Spice,Jalapeno Ice Cream,1380,2200,550,3,FALSE,FALSE,,,,,
Sweet N Spice,Jalapeno Cheesecake,1620,3000,750,8,FALSE,FALSE,,,,,
SweetCo Station,Fluffalanche,940,1400,350,1,TRUE,TRUE,,,,,
SweetCo Station,Caramel Supremo,2300,3800,950,4,TRUE,TRUE,,,,,
SweetCo Station,Lil' Devil,2880,4900,1225,5,TRUE,TRUE,,,,,
SweetCo Station,King Sweet,4840,11700,2925,24,TRUE,TRUE,,,,,
Swiss Oven,Swiss Snowflake Bread,1320,2100,525,2,TRUE,TRUE,,,,Breads,
Swiss Oven,Swiss Magenbrot,1400,2400,600,4,TRUE,FALSE,,,,,
Swiss Oven,Swiss Cake Roll,1420,2500,625,6,TRUE,FALSE,,,,,
Tartan Mixer,Scottish Toffee,1220,2100,525,5,FALSE,FALSE,,,,,
Tartan Mixer,Cranachan,1120,1800,450,3,FALSE,FALSE,,,,,
Tartan Mixer,Scottish Tablet,1440,2300,575,2,FALSE,FALSE,,,,,
Tartan Oven,Scottish Pancakes,760,1200,350,2,FALSE,FALSE,,,,,
Tartan Oven,Cream Buns,740,1200,400,3,FALSE,FALSE,,,,,
Tartan Oven,Scottish Shortbread,1020,1600,300,1,FALSE,FALSE,,,,,
Tavern Drink Machine,Wooden Tankard,1220,1900,475,2,FALSE,FALSE,,,,,
Tavern Drink Machine,Silver Tankard,1380,2200,550,3,FALSE,FALSE,,,,,
Tavern Drink Machine,Dragon Horn Tankard,1540,2600,650,5,FALSE,FALSE,,,,,
Tavern Oven,Stone Castle Cake,1220,1900,475,2,FALSE,FALSE,,,,,
Tavern Oven,Dragon Tier Cake,1600,2900,725,7,FALSE,FALSE,,,,,
Tavern Oven,Fairy Tree Cake,1640,3100,775,10,FALSE,FALSE,,,,,
Tea Cup Stove,Honey Cake,940,1400,350,1,TRUE,TRUE,,,,,
Tea Cup Stove,Coffee Crumbler,940,1400,350,1,TRUE,TRUE,,,,,
Tea Cup Stove,Tea Cup Cake,2500,4000,1000,2,TRUE,TRUE,,,,,
Tea Cup Stove,Tea Cookie,3320,5500,1375,4,TRUE,TRUE,,,,Cookies,
Tea Cup Stove,Porcelain Cake,4700,7600,1900,7,TRUE,TRUE,,,,,
Tea Cup Stove,Apple Danish,1380,2200,550,3,FALSE,FALSE,,,,,
Tea Cup Stove,Blueberry Crumb Cake,1620,3000,750,8,FALSE,FALSE,,,,,
Tea Cup Stove,Buttermilk Pancakes,1380,2200,550,3,FALSE,FALSE,,,,,
Tea Cup Stove,Coffee Cake,1620,3000,750,8,FALSE,FALSE,,,,,
Tea Infuser,Apricot Almond Tea,1380,2200,550,3,FALSE,FALSE,,,,,
Tea Infuser,Hojicha Tea,1580,2800,700,6,FALSE,FALSE,,,,,
Tea Infuser,Black Currant Tea,1480,2500,625,4,FALSE,FALSE,,,,,
Tea Party Prepper,East Me Cookie,1120,450,1800,2,FALSE,FALSE,,,,,
Tea Party Prepper,Meringue Toadstools,1220,2100,525,3,FALSE,FALSE,,,,,
Tea Party Prepper,Painted Rose Pop,1440,2300,575,5,FALSE,FALSE,,,,,
Tea Shop Brewer,London Fog,1220,1900,475,2,FALSE,FALSE,,,,,
Tea Shop Brewer,Green Tea,1600,2900,725,7,FALSE,FALSE,,,,,
Tea Shop Brewer,Cool Mint Tea,1640,3100,775,10,FALSE,FALSE,,,,,
Tea Shop Oven,Matcha Biscotti,1220,1900,475,2,FALSE,FALSE,,,,,
Tea Shop Oven,Cream Tea Scones,1380,2200,550,3,FALSE,FALSE,,,,,
Tea Shop Oven,Earl Grey Tarts,1540,2600,650,5,FALSE,FALSE,,,,,
Tea Time Kettle,Lavender Tea,1920,5400,1350,8,FALSE,FALSE,,,,,
Tea Time Kettle,Darjeeling Tea,2760,4700,1175,5,FALSE,FALSE,,,,,
Tea Time Kettle,Irish Breakfast Tea,1120,1800,450,2,FALSE,FALSE,,,,,
Tea Time Oven,Finger Sandwiches,860,1300,325,1,FALSE,FALSE,,,,,
Tea Time Oven,Date Drop Scone,1900,3100,775,3,FALSE,FALSE,,,,,
Tea Time Oven,English Trifle,3420,6700,1675,11,FALSE,FALSE,,,,,
Teddy Oven,Dreamland Cookies,1220,1900,475,2,FALSE,FALSE,,,,,
Teddy Oven,Teddy Cake,1380,2200,550,3,FALSE,FALSE,,,,,
Teddy Oven,Smores Jacuzzi,1540,2600,650,5,FALSE,FALSE,,,,,
Tempering Marble,Constructed Chocolate,1640,3875,775,9,FALSE,FALSE,,,,,
Tempering Marble,Abstract Chocolate,1580,3500,700,6,FALSE,FALSE,,,,,
Tempering Marble,Archetectual Chocolate,1380,2750,550,3,FALSE,FALSE,,,,,
Terracotta Pot Oven,Vegan Blueberry Bar,1220,1900,475,2,FALSE,FALSE,,,,,
Terracotta Pot Oven,Vegan Mango Pudding,1380,2200,550,3,FALSE,FALSE,,,,,
Terracotta Pot Oven,Vegan Rose Mousse,1540,2600,650,5,FALSE,FALSE,,,,,
Texas Fryer,Strawberry Donuts,940,1400,350,1,TRUE,TRUE,,,,Donuts,
Texas Fryer,Coconut Donuts,1620,2600,650,3,TRUE,TRUE,,,,Donuts,
Texas Fryer,Bacon Donuts,2300,4000,1000,6,TRUE,TRUE,,,,Donuts,
Texas Oven,Wildberry Tacos,1960,3300,825,4,TRUE,TRUE,,,,Pastries,
Texas Oven,Funky Tacos,2400,4200,1050,6,TRUE,TRUE,,,,Pastries,
Texas Oven,Cinnamon Tacos,2780,5100,1275,8,TRUE,TRUE,,,,Pastries,
Thankful Stove,Citrus Berry Biscotti,1220,1900,475,2,FALSE,FALSE,,,,,
Thankful Stove,Pecantastic Pies,1600,2900,725,7,FALSE,FALSE,,,,,
Thankful Stove,Sweet Potato Perfection,1640,3100,775,10,FALSE,FALSE,,,,Savory,
Tidal Prep Grill,Black Pearl Tea,1020,1600,400,1,TRUE,FALSE,Green,,,Cold Drinks,
Tidal Prep Grill,Salt Water Taffy,1340,2300,575,6,TRUE,FALSE,,,,,
Tidal Prep Grill,Sand Dollar Cookies,1460,2700,675,8,TRUE,FALSE,Tan,,,Cookies,
Time Machine Oven,Rotary Phone Cake,1220,1900,475,2,TRUE,TRUE,Black,,,,
Time Machine Oven,Pocket Watch Tarts,1380,2200,550,3,TRUE,TRUE,Tan,,,Tarts,
Time Machine Oven,Cassette Tape Cookies,1540,2600,650,5,TRUE,TRUE,Black,,,Cookies,
Time Machine Stove,Telephone Wire Pretzels,1220,1900,475,2,TRUE,TRUE,Black,,,,ooglay
Time Machine Stove,Typewriter Waffles,1600,2900,725,7,TRUE,TRUE,Tan,,,Waffles,
Time Machine Stove,Vinyl Pancakes,1640,3100,775,10,TRUE,TRUE,Black,,,Pancakes,
Tinsel Cooler,White Cherry Cream,1220,1900,475,2,TRUE,FALSE,,,,,
Tinsel Cooler,Eggnog Brulee,1600,2900,725,7,TRUE,FALSE,,,,Puddings/Parfaits,
Tinsel Cooler,Tiramisu Pudding,1640,3100,775,10,TRUE,FALSE,,,,Puddings/Parfaits,
Tinsel Oven,White Cherry Tart,1220,1900,475,2,TRUE,TRUE,,,,Tarts,
Tinsel Oven,Peppermint Graham,1540,2600,650,5,FALSE,FALSE,,,,,
Tinsel Oven,Sugarmint Cookie,1380,2200,550,3,FALSE,FALSE,,,,Cookies,
Toaster Oven,Toaster Pastry,1220,1900,475,2,FALSE,FALSE,,,,Pastries,
Toaster Oven,Egg and Cheese Tart,1600,2900,725,7,FALSE,FALSE,,,,Tarts,
Toaster Oven,Blueberry Toaster Tart,1640,3100,775,10,FALSE,FALSE,,,,Tarts,
Too Pink Oven,Cloud Bread,940,1400,350,1,TRUE,TRUE,,,,Breads,ooglay
Too Pink Oven,Pink Fairy Popcorn,940,1400,350,1,TRUE,TRUE,Blue,,,Candies/Sweets,
Too Pink Oven,Pomegranate Cupcake,940,1400,350,1,TRUE,TRUE,,,,Cupcakes,
Too Pink Oven,Green Glow,940,1400,350,1,TRUE,TRUE,,,,,
Too Pink Oven,Mini Guava Cheesecake,940,1400,350,1,TRUE,TRUE,,,,,
Too Pink Oven,Broken Heart Cake,940,1400,350,1,TRUE,TRUE,,Valentine's Day,,Single Layer Cakes,
Too Pink Oven,Pavlova,940,1400,350,1,TRUE,TRUE,,,,,
Too Pink Oven,Pink Gold Cupcakes,940,1400,350,1,TRUE,TRUE,,,,Cupcakes,
Too Pink Oven,Sakura Gummies,940,1400,350,1,TRUE,TRUE,Pink,,,Candies/Sweets,
Too Pink Oven,Sakura Marshmallow,1380,2200,550,3,TRUE,TRUE,Pink,,,Candies/Sweets,
Too Pink Oven,Sakura Lollipop,1620,3000,750,8,TRUE,TRUE,Purple,,,Candies/Sweets,
Too Pink Oven,Pink Cookies,1800,3000,750,4,TRUE,TRUE,Pink,,,Cookies,
Too Pink Oven,Pink Cupcakes,2200,3900,975,6,TRUE,TRUE,Pink,,,Cupcakes,
Too Pink Oven,Pink Layer Cake,2540,4700,1175,7,TRUE,TRUE,Pink,,,,
Too Pink Oven,Autumn Punch,1380,2200,550,3,FALSE,FALSE,,,,,
Too Pink Oven,Old Pal,1620,3000,750,8,FALSE,FALSE,,,,,
Too Pink Oven,Cocoheart Cheesecake,1380,2200,550,3,FALSE,FALSE,,,,,
Too Pink Oven,Valentine's Topper,1620,3000,750,8,FALSE,FALSE,,,,,
Too Pink Oven,Chocolate Cloud Bread,1380,2200,550,3,FALSE,FALSE,,,,,
Too Pink Oven,Rainbow Cloud Bread,1620,3000,750,8,FALSE,FALSE,,,,,
Too Pink Oven,Cascade Heart Cake,1380,2200,550,3,FALSE,FALSE,,,,,
Too Pink Oven,Ombre Heart Cake,1620,3000,750,8,FALSE,FALSE,,,,,
Too Pink Oven,Pink Gilded Cake,1380,2200,550,3,FALSE,FALSE,,,,,
Too Pink Oven,Pink Gold Lace Cake,1620,3000,750,8,FALSE,FALSE,,,,,
Too Pink Oven,Pomegrante Pudding,1380,2200,550,3,FALSE,FALSE,,,,,
Too Pink Oven,Pomegrante Cake,1620,3000,750,8,FALSE,FALSE,,,,,
Too Pink Oven,Fairy Toast,1380,2200,550,3,FALSE,FALSE,,,,,
Too Pink Oven,Fairy Floss Pudding,1620,3000,750,8,FALSE,FALSE,,,,,
Too Pink Oven,Guava Breakfast Bowl,1620,3000,750,8,FALSE,FALSE,,,,,
Too Pink Oven,Guava Bar,1380,2200,550,3,FALSE,FALSE,,,,,
Topsy Oven,Ghoulkin Cake,1220,1900,475,2,TRUE,FALSE,Brown,Halloween,,,
Topsy Oven,Twisty Pop,1380,2200,550,3,FALSE,FALSE,,,,,
Topsy Oven,Chocolate Stitch Cookies,1540,2600,650,5,FALSE,FALSE,,,,,
Traditional Oven,Candy Apple Bites,1220,1900,475,2,FALSE,FALSE,,,,,
Traditional Oven,Pumpkin Pecan Cobbler,1380,2200,550,3,FALSE,FALSE,,,,,
Traditional Oven,Cranberry Crusts,1540,2600,650,5,FALSE,FALSE,,,,,
Transporstove,Balanced Breakfast Muffin,1220,1900,475,2,FALSE,FALSE,,,,,
Transporstove,Sharpened Pencilcake,1600,2900,725,7,FALSE,FALSE,,,,,
Transporstove,Cereal Cakes,1640,3100,775,10,FALSE,FALSE,,,,,
Treasure Oven,Pirate Peach Pie,2600,4100,1025,2,TRUE,FALSE,Tan,,,Pies,
Treasure Oven,Sugar Sand Tarts,3380,5600,1400,4,TRUE,FALSE,White,,,Tarts,
Treasure Oven,Beach Parfait,4400,8100,2025,8,TRUE,FALSE,Teal,,Summer,Puddings/Parfaits,Neon
Treat Dispenser,Intergalactic Ice Cream,1380,2200,550,3,TRUE,TRUE,,,,Ice Creams,
Treat Dispenser,Mint Chocolate Cocoa,940,1400,350,1,TRUE,TRUE,Green,Christmas,,Hot Chocolates,
Treat Dispenser,Cola Float,940,1400,350,1,TRUE,TRUE,,,,Cold Drinks,
Treat Dispenser,Asteroid Puffs,940,1400,350,1,TRUE,TRUE,Pink,,,,
Treat Dispenser,Indulgent Skewer,940,1400,350,1,TRUE,TRUE,,,,,
Treat Dispenser,Citrus Brulee,1380,2200,550,3,TRUE,TRUE,Yellow,,,Puddings/Parfaits,
Treat Dispenser,Adorabrownies,1620,3000,750,8,TRUE,TRUE,Brown,,,Brownies,
Treat Dispenser,Alien Egg,1620,3000,750,8,TRUE,TRUE,,,,,
Treat Dispenser,Leafy Smoothie,3520,7300,1825,14,TRUE,TRUE,Green,,,Smoothies & Milkshakes,
Treat Dispenser,Chocolate Soy Shake,2220,3800,950,5,TRUE,TRUE,Brown,,,Smoothies & Milkshakes,
Treat Dispenser,Fruity Yogurt Parfait,2600,4100,1025,2,TRUE,TRUE,Rainbow,,,Puddings/Parfaits,
Treat Dispenser,Hazelnut Hot Cocoa,1380,2200,550,3,FALSE,FALSE,,,,,
Treat Dispenser,Cocoa Bomb Cocoa,1620,3000,750,8,FALSE,FALSE,,,,,
Treat Dispenser,Orange Soda Float,1380,2200,550,3,FALSE,FALSE,,,,,
Treat Dispenser,Strawberry Soda Float,1620,3000,750,8,FALSE,FALSE,,,,,
Treat Dispenser,Hawaiian P.O.G. Drink,940,1400,350,1,TRUE,TRUE,,,,,
Treat Dispenser,Maui Breeze,1380,2200,550,3,TRUE,TRUE,,,,,
Treat Dispenser,Empress Lychee Fizz,1620,3000,750,8,TRUE,TRUE,,,,,
Treat Dispenser,Drink Me Elixir,940,1400,350,1,TRUE,FALSE,,,,,
Tricky Butler,Sugar Bounty,940,1750,350,1,FALSE,FALSE,,,,,
Tricky Butler,Chocolate Cache,1220,2375,475,2,FALSE,FALSE,,,,,
Tricky Butler,Candy Corn Ghosts,1380,2750,550,3,FALSE,FALSE,,,,,
Tropic Juice Maker,Pineapple Juice,1500,2400,600,3,FALSE,FALSE,,,,,
Tropic Juice Maker,Orange Guava Juice,1700,3000,750,7,FALSE,FALSE,,,,,
Tropic Juice Maker,Mango Juice,1640,2800,700,5,FALSE,FALSE,,,,,
Tropic Oven,Mango Pudding,940,1400,350,1,FALSE,FALSE,,,,,
Tropic Oven,Tropical S'mores,1380,2200,550,3,FALSE,FALSE,,,,,
Tropic Oven,Festive Guava Cake,1540,2600,650,5,FALSE,FALSE,,,,,
Tropical Oven,Chi Chi Dango,1220,1900,475,2,FALSE,FALSE,,,,,
Tropical Oven,Guava Chiffon,1600,2900,725,7,FALSE,FALSE,,,,,
Tropical Oven,Hawaiian Sunset Cake,1640,3100,775,10,FALSE,FALSE,,,,,
Truffle Maker,Easter Pretzel,940,1400,350,1,TRUE,TRUE,Rainbow,Easter,Spring,Candies/Sweets,
Truffle Maker,White Truffles,1660,4400,1100,4,TRUE,FALSE,White,,,Candies/Sweets,
Truffle Maker,Dark Dusted Truffles,1640,2900,725,6,TRUE,FALSE,Brown,,,Candies/Sweets,
Truffle Maker,Easter Fudge,1380,2200,550,3,TRUE,FALSE,,,,,
Truffle Maker,Bunny Chow,1620,3000,750,8,FALSE,FALSE,,,,,
Truffle Maker,Mimic Chest Cakes,940,1400,350,1,TRUE,TRUE,,,,,
Truffle Maker,Arcane Crystal Bars,1380,2200,550,3,TRUE,TRUE,,,,Candies/Sweets,Baby Shower
Truffle Maker,Dwarven Forge Spice Loaf,1620,3000,750,8,TRUE,FALSE,,,,Breads,
Turkey Oven,Apple Nut Pops,940,1400,350,1,TRUE,TRUE,,,Fall,Candies/Sweets,
Turkey Oven,Whoopie Pies,5800,10900,2725,9,TRUE,FALSE,,,,Pastries,
Turkey Oven,Apple Dumplings,6120,12200,3050,12,TRUE,FALSE,,,,,
Turkey Oven,Mincy Pear Cobbler,6300,13400,3350,15,TRUE,FALSE,,,,,
Turkey Oven,Cranberry Cream Pie,,,,,,,,,,,
Turkey Oven,Mini Cranberry Cheesecake,,,,,,,,,,,
Turning Glass Oven,Frosted Spice Cookies,1220,1900,475,2,FALSE,FALSE,,,,,
Turning Glass Oven,Pumpkin Pecan Perfection,1380,2200,550,3,FALSE,FALSE,,,,,
Turning Glass Oven,Spiced Latte Cake,1540,2600,650,5,FALSE,FALSE,,,,,
Turvey Store,Delightfully Dark Cake,1220,1900,475,2,FALSE,FALSE,,,,,
Turvey Store,Black Rose Cupcake,1600,2900,725,7,FALSE,FALSE,,,,,
Turvey Store,Venus Dessert Trap,1640,3100,775,10,FALSE,FALSE,,,,,
United Nations Oven,Jian Dui,1480,5500,1100,7,FALSE,FALSE,,,,,
United Nations Oven,Bibingka,2100,4500,900,5,FALSE,FALSE,,,,,
United Nations Oven,Tulipes,2060,4250,850,4,FALSE,FALSE,,,,,
Valentine Drink Machine,Sparkling Cherry Drink,1220,1900,475,2,FALSE,FALSE,,,,,
Valentine Drink Machine,Strawberry Lemonade,1600,2900,725,7,FALSE,FALSE,,,,,
Valentine Drink Machine,Cupid Float,1640,3100,775,10,FALSE,FALSE,,,,,
Victorian Oven,Sweet Cream Rolls,940,1400,350,1,FALSE,FALSE,,,,,
Victorian Oven,Treacle Hearts,920,1500,375,2,FALSE,FALSE,,,,,
Victorian Oven,Meringue and Preserves,940,1500,375,3,FALSE,FALSE,,,,,
Victorian Stove,Ginger Root Tea,1440,2300,575,2,FALSE,FALSE,,,,,
Victorian Stove,Milk Pudding,1060,425,1700,3,FALSE,FALSE,,,,,
Victorian Stove,Currant Cake,1100,1900,475,5,FALSE,FALSE,,,,,
Vintage Mixer,Macchiato,980,1600,400,3,FALSE,FALSE,,,,,
Vintage Mixer,Chai Latte,440,900,225,2,FALSE,FALSE,,,,,
Vintage Mixer,French Press,580,1500,375,2,FALSE,FALSE,,,,,
Vocal Range,Mistletoe Muffins,3040,5100,1275,4,TRUE,FALSE,,Christmas,,Muffins,
Vocal Range,Caroling Cake Pops,3740,6500,1625,6,TRUE,FALSE,,Christmas,,Cake Pops,
Vocal Range,Soprano Lemon Crescents,940,1400,350,1,TRUE,FALSE,Teal,,,,Music
Vocal Range,Fa-la-la-la Fudge,4300,7900,1975,8,TRUE,TRUE,,Christmas,,Candies/Sweets,
Warm Bubble Oven,Spring Popper,1220,1900,475,2,TRUE,TRUE,,,,,
Warm Bubble Oven,Blooming Mousse,1380,2200,550,3,TRUE,TRUE,,,,,
Warm Bubble Oven,Rainbow Cheese Cake,1540,2600,650,5,TRUE,TRUE,,,,,
Water Infuser,Strawberry Water,1220,1900,475,2,FALSE,FALSE,,,,,
Water Infuser,Cucumber Lime Water,1600,2900,725,7,FALSE,FALSE,Green,,Summer,Cold Drinks,<3
Water Infuser,Citrus Water,1640,3100,775,10,FALSE,FALSE,,,,,
Wave Crash Oven,Ube Swirl,1220,1900,475,2,TRUE,FALSE,,,,,
Wave Crash Oven,Leche Flan,1380,2200,550,3,FALSE,FALSE,,,,,
Wave Crash Oven,Chocolate Jelly Pudding,1540,2600,650,5,FALSE,FALSE,,,,,
Whip Fountain,Cream Whip,940,1400,350,1,FALSE,FALSE,,,,,
Whip Fountain,Sky Whip,1620,2600,650,3,FALSE,FALSE,,,,,
Whip Fountain,Summer Whip,2300,4000,1000,6,FALSE,TRUE,,,,,
White Aster Oven,Aster Cupcakes,1220,1900,475,2,TRUE,TRUE,,,,Cupcakes,
White Aster Oven,Aster Cookies,1380,2200,550,3,TRUE,TRUE,,,,Cookies,
White Aster Oven,Aster Cake,1540,2600,650,5,TRUE,TRUE,,,,,
Wicked Oven,Candy Cackle,1220,1900,475,2,FALSE,FALSE,,,,,
Wicked Oven,Eviclair,1600,2900,725,7,FALSE,FALSE,,,,,
Wicked Oven,Dragonfruit Pie,1640,3100,775,10,FALSE,FALSE,,,,,
Wild West Stove,Hat and Boot Cookies,1220,1900,475,2,FALSE,FALSE,,,,,
Wild West Stove,Cowboy Cupcakes,1600,2900,725,7,FALSE,FALSE,,,,,
Wild West Stove,Cactus Cakes,1640,3100,775,10,FALSE,FALSE,,,,,
Wildlife Oven,Polar Bear Macarons,1620,3000,750,8,FALSE,FALSE,,,,Macarons,
Wildlife Oven,Standing Stone Cake,940,1400,350,1,FALSE,FALSE,Green,,,Single Layer Cakes,Places
Wildlife Oven,Polar Bear Biscuits,940,1400,350,1,FALSE,FALSE,,,,,
Wildlife Oven,Polar Bear Cake Pops,1380,2200,550,3,FALSE,FALSE,,,,,
Wildlife Oven,Triquetra Pretzels,1380,2200,550,3,FALSE,FALSE,,,,,
Wildlife Oven,Celtic Pie,1620,3000,750,8,FALSE,FALSE,,,,,
Windchaser Range,Paper Kite Sweet Rolls,1220,1900,475,2,TRUE,TRUE,,,,,
Windchaser Range,Sky Ribbon Pastries,1600,2900,725,7,FALSE,FALSE,,,,,
Windchaser Range,Breezy Lemonade Gelée,1640,3100,775,10,FALSE,FALSE,,,,,
Windmill Oven,Quiche Lorraine,1220,1900,475,2,TRUE,TRUE,,,,,
Windmill Oven,Ganache Cake,1380,2200,550,3,TRUE,TRUE,,,,,
Windmill Oven,Passion Fruit Mille Crepe,1540,2600,650,5,FALSE,FALSE,,,,,
Winter Cider Maker,Mulled Cider,2300,4000,1000,6,FALSE,FALSE,,,,,
Winter Cider Maker,Vanilla Cream Cider,2060,3400,850,4,FALSE,FALSE,,,,,
Winter Cider Maker,Raspberry Spice Cider,1620,2600,650,2,FALSE,FALSE,,,,,
Winter Frost Fountain,Red Velvet Cocoa,380,2300,575,6,FALSE,FALSE,,,,,
Winter Frost Fountain,Caramel Cocoa,300,1500,375,3,FALSE,FALSE,,,,,
Winter Frost Fountain,White Hot Chocolate,170,800,200,1,FALSE,FALSE,,,,,
Winter Frost Oven,Winter Branch Cake,490,2800,700,8,FALSE,FALSE,,,,,
Winter Frost Oven,Winter Frost Cake,380,2300,575,6,FALSE,FALSE,,,,,
Winter Frost Oven,Winter Holly Cake,300,900,450,4,FALSE,FALSE,,,,,
Winter Oven,Frost Cookies,3520,6300,1575,7,FALSE,FALSE,,,,,
Winter Oven,Winter Cake,2960,5200,1300,6,FALSE,FALSE,,,,,
Winter Oven,Winter Cupcake,2100,3500,875,4,FALSE,FALSE,,,,,
Winter Sports Oven,Snowboard Vanilla Brownies,1220,1900,475,2,TRUE,FALSE,,,,,Sports
Winter Sports Oven,Medal Podium Cupcakes,1380,2200,550,3,TRUE,FALSE,,,,Cupcakes,Sports
Winter Sports Oven,Winter Sports Biscuits,1540,2600,650,5,TRUE,FALSE,,,,,Sports
Winter Wedding Oven,Winter Wedding Cake,3260,6200,1550,10,FALSE,FALSE,,,,,
Winter Wedding Oven,White Fudge Pretzels,2920,5400,1350,8,FALSE,FALSE,,,,,
Winter Wedding Oven,Winter Macaroons,2300,4000,1000,6,FALSE,FALSE,,,,Macarons,
Winter Wonder Oven,Snow Cookies,4200,8100,2025,10,FALSE,FALSE,,,,,
Winter Wonder Oven,Snow Brownies,4560,10300,2575,18,FALSE,FALSE,,,,,
Winter Wonder Oven,Snowflake Cake,1640,2900,725,6,FALSE,FALSE,,,,,
Winter Wonder Oven,Layered Eggnog Cake,940,1400,350,1,FALSE,FALSE,,,,,
Winter Wonder Oven,Layered Winter Cake,1380,2200,550,3,FALSE,FALSE,,,,,
Winter Wonder Oven,Layered Penguin Cake,1620,3000,750,8,FALSE,FALSE,,,,,
Winter Wonder Oven,Seal Pupshmallow,940,1400,350,1,FALSE,FALSE,,,,,
Winter Wonder Oven,Snowy Owl Cookies,1380,2200,550,3,FALSE,FALSE,,,,,
Winter Wonder Oven,Polar Bear Cupcake,1620,3000,750,8,FALSE,FALSE,,,,,
Winter Wonder Oven,Snow Owl Cake Pops,940,1400,350,1,FALSE,FALSE,,,,,
Winter Wonder Oven,Snowy Owl Cupcakes,1380,2200,550,3,FALSE,FALSE,,,,,
Winter Wonder Oven,Snowy Owl Cakes,1620,3000,750,8,FALSE,FALSE,,,,,
Winterful Drink Maker,Peppermint Hot Chocolate,1220,1900,475,2,TRUE,FALSE,,,,Hot Chocolates,
Winterful Drink Maker,Cinnamon Hot Chocolate,1580,2800,700,6,TRUE,TRUE,,,,Hot Chocolates,
Winterful Drink Maker,Winter Cacao,2960,5700,1425,10,TRUE,FALSE,,,,,
Winterful Oven,Choco Chip Skillet,1380,2200,550,3,TRUE,FALSE,,,Fall,Cookies,
Winterful Oven,Brownie Skillet,1220,1900,475,2,TRUE,FALSE,,,Fall,Brownies,
Winterful Oven,Candy Choco Skillet,1580,2800,700,6,TRUE,FALSE,,,,Candies/Sweets,
Wisteria Stove,Bougainvillea Cake,1220,1900,475,2,TRUE,FALSE,Blue,,Summer,Multi Layer Cakes,
Wisteria Stove,Wisteria Cake,1600,2900,725,7,TRUE,FALSE,Green,,,Multi Layer Cakes,
Wisteria Stove,Butterfly Daisy Cake,1640,3100,775,10,TRUE,FALSE,Blue,,,Multi Layer Cakes,
Witch of the West Stove,Dorothys Drink,1220,1900,475,2,FALSE,FALSE,,,,,
Witch of the West Stove,Great Ozmopolitan,1600,2900,725,7,FALSE,FALSE,,,,,
Witch of the West Stove,Emerald City Sipper,1640,3100,775,10,FALSE,FALSE,,,,,
Witches Cauldron,Jack o' Concha,940,1400,350,1,TRUE,FALSE,,Halloween,,,
Witches Cauldron,Eyeball Cookies,940,1400,350,1,TRUE,FALSE,,Halloween,,Cookies,
Witches Cauldron,Blood Orangecicle,940,1400,350,1,TRUE,FALSE,,,,Ice Creams,
Witches Cauldron,Witchy Wedding Cake,940,1400,350,1,TRUE,FALSE,,Halloween,,,
Witches Cauldron,Hex Mage Mana Potion,940,1400,350,1,TRUE,FALSE,,,,,
Witches Cauldron,Bat Velvet Cookie,940,1400,350,1,TRUE,TRUE,,Halloween,,Cookies,
Witches Cauldron,Witch Shoes Cookies,3280,5700,1425,6,TRUE,FALSE,Green,Halloween,,Cookies,
Witches Cauldron,Cauldron Cupcakes,5220,11300,2825,16,TRUE,FALSE,Brown,Halloween,,Cupcakes,
Witches Cauldron,Witch Hat Cookies,6340,15100,3775,21,TRUE,TRUE,Brown,Halloween,,Cookies,
Witches Cauldron,Witchy Pudding,1940,4000,800,3,FALSE,FALSE,,,,,
Witches Cauldron,Familiar Float,2300,5250,1050,8,FALSE,FALSE,,,,,
Witches Cauldron,Witches Brew,2300,5500,1100,10,FALSE,FALSE,,,,,
Witches Cauldron,Franken-Concha,1620,3000,750,8,FALSE,FALSE,,,,,
Witches Cauldron,Mummy Concha,1380,2200,550,3,FALSE,FALSE,,,,,
Witches Cauldron,Vampire Wedding Cake,1620,3000,750,8,FALSE,FALSE,,,,,
Witches Cauldron,Teeth Cookies,1380,2200,550,3,FALSE,FALSE,,,,,
Witches Cauldron,Thing Cookies,1620,3000,750,8,FALSE,FALSE,,,,,
Witches Cauldron,Monster Mud Cup,1620,3000,750,8,FALSE,FALSE,,,,,
Witches Cauldron,Halloswirl Brownies,1380,2200,550,3,FALSE,FALSE,,,,,
Witches Cauldron,Ghostly Fro-nana,1380,2200,550,3,FALSE,FALSE,,,,,
Witches Cauldron,Eye-Scream Sundae,1620,3000,750,8,FALSE,FALSE,,,,,
Witches Cauldron,Ghostly Wedding Cake,1380,2200,550,3,FALSE,FALSE,,,,,
Witches Cauldron,Dragonfire Elixir,1620,3000,750,8,FALSE,FALSE,,,,,
Witches Cauldron,Potion of Invisibility,1380,2200,550,3,TRUE,FALSE,,Halloween,,,
Witchy Oven,Candy Corn Ghosts,1220,1900,475,2,TRUE,TRUE,,,,,
Witchy Oven,Mummy Cookie,1380,2200,550,3,TRUE,TRUE,,,,Cookies,
Witchy Oven,Witch Cookie,1540,2600,650,5,TRUE,TRUE,,,,Cookies,
Witchy Treats,Healthy Apples,1600,3625,725,7,FALSE,FALSE,,,,,
Witchy Treats,Sweet Rasins,1620,3750,750,8,FALSE,FALSE,,,,,
Witchy Treats,Dentist's Goodies,1640,3875,775,9,FALSE,FALSE,,,,,
Wonderous Oven,Rapunzel Puffs Cupcake,1220,1900,475,2,FALSE,FALSE,,,,,
Wonderous Oven,Unicookies,1380,2200,550,3,FALSE,FALSE,,,,,
Wonderous Oven,Apply Ever After,1540,2600,650,5,FALSE,FALSE,,,,,
Woodland Oven,Leaf Cookies,980,1500,375,1,FALSE,FALSE,,,,,
Woodland Oven,Sweet Saplings,1220,1900,475,2,FALSE,FALSE,,,,,
Woodland Oven,Woodland Cake,1880,3100,775,4,FALSE,FALSE,,,,,
World Games Oven,Bunuelos,940,1400,350,1,TRUE,TRUE,,,,,
World Games Oven,Persimmon Loaf,940,1400,350,1,TRUE,TRUE,,,,Breads,
World Games Oven,Tropical Pavlova,940,1400,350,1,TRUE,TRUE,,,,,
World Games Oven,Yoyo de Fresa,1380,2200,550,3,TRUE,TRUE,,,,,
World Games Oven,Manteconchas,1620,3000,750,8,TRUE,TRUE,,,,,
World Games Oven,Bronze Cookies,1120,1900,475,4,TRUE,TRUE,,,,Cookies,
World Games Oven,Silver Cookies,1540,2700,675,6,TRUE,TRUE,,,,Cookies,
World Games Oven,Gold Cookies,1980,3600,900,8,TRUE,TRUE,,,,Cookies,
World Games Oven,Kiwi Pavlova,1380,2200,550,3,FALSE,FALSE,,,,,
World Games Oven,Berry Pavlova,1380,2200,550,3,FALSE,FALSE,,,,,
World Games Oven,Persimmon Pie,1380,2200,550,3,FALSE,FALSE,,,,,
World Games Oven,Persimmon Cake,1620,3000,750,8,FALSE,FALSE,,,,,
World Games Oven,First Place Fruitcake,1380,2200,550,3,TRUE,FALSE,,,,,
World Games Oven,Progress Bar Pastry,940,1400,350,1,TRUE,TRUE,,,,,
World Games Oven,Winners Crown Cake,1620,3000,750,8,TRUE,FALSE,,,,,
Wrapped Oven,Festive Fruit Cake,1220,1900,475,2,FALSE,FALSE,,,,,
Wrapped Oven,Gingerfriend Cake,1380,2200,550,3,FALSE,FALSE,,,,,
Wrapped Oven,Raspberry Thumbs,1540,2600,650,5,FALSE,FALSE,,,,,
X-O Oven,Decadence Pop,1220,1900,475,2,TRUE,TRUE,,,,,
X-O Oven,Rasbrownie,1600,2900,725,7,TRUE,TRUE,,,,Brownies,
X-O Oven,Candy-Coat Cake,1640,3100,775,10,TRUE,TRUE,,,,,
Yacht Stove,Deep Sea Dip,1220,1900,475,2,FALSE,FALSE,,,,,
Yacht Stove,Coastline Custard,1600,2900,725,7,FALSE,FALSE,,,,,
Yacht Stove,Boat Parfaits,1640,3100,775,10,FALSE,FALSE,,,,,
Ye Olde Oven,Crown Cupcake,1220,1900,475,2,FALSE,FALSE,,,,,
Ye Olde Oven,Fairy Cake,1600,2900,725,7,FALSE,FALSE,,,,,
Ye Olde Oven,Castle Cake,1640,3100,775,10,FALSE,FALSE,,,,,
Ye Olde Stove B,Scotch Eggs,1220,1900,475,2,FALSE,FALSE,,,,,
Ye Olde Stove B,Mulled Mead,1380,2200,550,3,FALSE,FALSE,,,,,
Ye Olde Stove B,Giant Pretzel,1540,2600,650,5,FALSE,FALSE,,,,,
Yoga Stove,Sweet Pea Friends,940,1400,350,1,TRUE,FALSE,,,,,
Yoga Stove,Marbled Choco Halva,940,1400,350,1,TRUE,FALSE,,,,,
Yoga Stove,Oat Bran Muffins,2400,4200,1050,6,TRUE,FALSE,,,,Muffins,
Yoga Stove,Acai Truffles,3400,6800,1700,12,TRUE,FALSE,,,,Candies/Sweets,
Yoga Stove,Lemon Zucchini Cake,1620,3000,750,8,FALSE,FALSE,,,,,
Yoga Stove,Tomato Spice Cake,1380,2200,550,3,FALSE,FALSE,,,,,
Yoga Stove,Pistachio-pom Halva,1620,3000,750,8,FALSE,FALSE,,,,,
Yoga Stove,Rose Halva,1380,2200,550,3,FALSE,FALSE,,,,,
Yogurt Chiller,Berry Blue,2340,3700,925,5,TRUE,TRUE,,,,Puddings/Parfaits,
Yogurt Chiller,Berry Purple,1820,3000,750,2,TRUE,TRUE,,,,Puddings/Parfaits,
Yogurt Chiller,Berry Red,1980,3400,850,3,TRUE,TRUE,,,,Puddings/Parfaits,
Yuletide Candy Maker,Peppermint Bark,1620,2600,650,3,FALSE,FALSE,,,,,
Yuletide Candy Maker,Gift Wrapped Fudge,2300,3900,975,5,FALSE,FALSE,,,,,
Yuletide Candy Maker,Yultide Truffle,2740,4900,1225,7,FALSE,FALSE,,,,,
Yultide Oven,Snowman Cake Pops,2520,4400,1100,6,FALSE,FALSE,,,,,
Yultide Oven,Reindeer Cupcakes,3100,5800,1450,9,FALSE,FALSE,,,,,
Yultide Oven,Xmas Tree Brownies,3980,8000,2000,12,FALSE,FALSE,,,,,
Sakura Fairy Oven,Fairy's First Kiss,1220,1900,475,2,TRUE,FALSE,,,,,
Sakura Fairy Oven,Crystallized Dreams,1380,2200,550,3,TRUE,FALSE,Pink,,,,
Sakura Fairy Oven,Blossom Tower,1540,2600,650,5,TRUE,FALSE,Pink,,,Multi Layer Cakes,
Garden Fountain,Shadow Pixie Latte,940,1400,350,1,TRUE,TRUE,Purple,,,Smoothies & Milkshakes,
Garden Fountain,Thorn Bramble Tea,1380,2200,550,3,TRUE,FALSE,Purple,,,Hot Teas,
Garden Fountain,Midnight Wings Elixir,1620,3000,750,8,TRUE,FALSE,Purple,,,Cold Drinks,
Magical Fae Stove,Sugary Wishes,1220,1900,475,2,FALSE,FALSE,,,,,
Magical Fae Stove,Fairy Cake Pops,1600,2900,725,7,FALSE,FALSE,Pink,,,Cake Pops,
Magical Fae Stove,Fairy Wing Macarons,1640,3100,775,10,FALSE,FALSE,,,,,
Toy Oven,Rocking Horse Gingerbread,940,1400,350,1,TRUE,FALSE,Brown,,,,
Toy Oven,Building Block Brownies,1380,2200,550,3,TRUE,FALSE,,,,,
Toy Oven,Toy Drum Layer Cake,1620,3000,750,8,TRUE,FALSE,,,,,
,,,,,,FALSE,,,,,,
,,,,,,FALSE,,,,,,
,,,,,,FALSE,,,,,,
,,,,,,FALSE,,,,,,
,,,,,,FALSE,,,,,,
,,,,,,FALSE,,,,,,
,,,,,,FALSE,,,,,,
,,,,,,FALSE,,,,,,
,,,,,,FALSE,,,,,,
,,,,,,FALSE,,,,,,
,,,,,,FALSE,,,,,,
,,,,,,FALSE,,,,,,
,,,,,,FALSE,,,,,,
,,,,,,FALSE,,,,,,
,,,,,,FALSE,,,,,,
,,,,,,FALSE,,,,,,
,,,,,,FALSE,,,,,,
,,,,,,FALSE,,,,,,
,,,,,,FALSE,,,,,,
,,,,,,FALSE,,,,,,
,,,,,,FALSE,,,,,,
,,,,,,FALSE,,,,,,
,,1220,1900,475,2,FALSE,,,,,,
,,1380,2200,550,3,FALSE,,,,,,
,,1540,2600,650,5,FALSE,,,,,,
,,,,,,FALSE,,,,,,
,,1220,1900,475,2,FALSE,,,,,,
,,1600,2900,725,7,FALSE,,,,,,
,,1640,3100,775,10,FALSE,,,,,,
,,,,,,FALSE,,,,,,
,,940,1400,350,1,FALSE,,,,,,
,,1380,2200,550,3,FALSE,,,,,,
,,1620,3000,750,8,FALSE,,,,,,
,,,,,,FALSE,,,,,,
,,,,,,FALSE,,,,,,
,,,,,,FALSE,,,,,,
,,,,,,FALSE,,,,,,
,,,,,,FALSE,,,,,,
,,,,,,FALSE,,,,,,
,,,,,,FALSE,,,,,,
,,,,,,FALSE,,,,,,
,,,,,,FALSE,,,,,,
,,,,,,FALSE,,,,,,
,,,,,,FALSE,,,,,,
,,,,,,FALSE,,,,,,
,,,,,,FALSE,,,,,,
,,,,,,FALSE,,,,,,
,,,,,,FALSE,,,,,,
,,,,,,FALSE,,,,,,
,,,,,,FALSE,,,,,,
,,,,,,FALSE,,,,,,
,,,,,,FALSE,,,,,,
,,,,,,FALSE,,,,,,
,,,,,,FALSE,,,,,,
,,,,,,FALSE,,,,,,
,,,,,,FALSE,,,,,,
,,,,,,FALSE,,,,,,
,,,,,,FALSE,,,,,,
,,,,,,FALSE,,,,,,
,,,,,,FALSE,,,,,,
,,,,,,FALSE,,,,,,
,,,,,,FALSE,,,,,,
,,,,,,FALSE,,,,,,
,,,,,,FALSE,,,,,,
,,,,,,FALSE,,,,,,
,,,,,,FALSE,,,,,,
,,,,,,FALSE,,,,,,
,,,,,,FALSE,,,,,,
,,,,,,FALSE,,,,,,
,,,,,,FALSE,,,,,,
,,,,,,FALSE,,,,,,
,,,,,,FALSE,,,,,,
,,,,,,FALSE,,,,,,
,,,,,,FALSE,,,,,,
,,,,,,FALSE,,,,,,
,,,,,,FALSE,,,,,,
,,,,,,FALSE,,,,,,
,,,,,,FALSE,,,,,,
,,,,,,FALSE,,,,,,
,,,,,,FALSE,,,,,,
,,,,,,FALSE,,,,,,
,,,,,,FALSE,,,,,,
,,,,,,FALSE,,,,,,
,,,,,,FALSE,,,,,,
,,,,,,FALSE,,,,,,
,,,,,,FALSE,,,,,,
,,,,,,FALSE,,,,,,
,,,,,,FALSE,,,,,,
,,,,,,FALSE,,,,,,
,,,,,,FALSE,,,,,,
,,,,,,FALSE,,,,,,
,,,,,,FALSE,,,,,,
,,,,,,FALSE,,,,,,
,,,,,,FALSE,,,,,,
,,,,,,FALSE,,,,,,
,,,,,,FALSE,,,,,,
,,,,,,FALSE,,,,,,
,,,,,,FALSE,,,,,,
,,,,,,FALSE,,,,,,
,,,,,,FALSE,,,,,,
,,,,,,FALSE,,,,,,
,,,,,,FALSE,,,,,,
,,,,,,FALSE,,,,,,
,,,,,,FALSE,,,,,,
,,,,,,FALSE,,,,,,
,,,,,,FALSE,,,,,,
,,,,,,FALSE,,,,,,
,,,,,,FALSE,,,,,,
,,,,,,FALSE,,,,,,
,,,,,,FALSE,,,,,,
,,,,,,FALSE,,,,,,
,,,,,,FALSE,,,,,,
,,,,,,FALSE,,,,,,
,,,,,,FALSE,,,,,,
,,,,,,FALSE,,,,,,
,,,,,,FALSE,,,,,,
,,,,,,FALSE,,,,,,
,,,,,,FALSE,,,,,,
,,,,,,FALSE,,,,,,
,,,,,,FALSE,,,,,,
,,,,,,FALSE,,,,,,
,,,,,,FALSE,,,,,,
,,,,,,FALSE,,,,,,
,,,,,,FALSE,,,,,,
,,,,,,FALSE,,,,,,